PK-    ע‰Sֵֵ‚  top_4000_movies_data.csv  {O     .r     ”½ֻ’H–%¸/‏ƒױ¦²GAB ¸iq÷;_A½י`fJoאn ;’f/˜«תˆפnV-R‹‏‚Yּ"₪~`~a־¹×€*"#³¦3S‚H†]L¡zן¹¯sש״m÷v­.CW¼¾ץךS״tֵױ8¬·‡~״­^׳w¡¸¶‏׀®^ֳ~_|ֶֽת±_wב?ש'L›g÷TMqצ­uד‏שךr·¾k·]aֻר¢vµ©¯tױTuY:o“ƒ eUqױx”‎jר²:w«ףvלon÷vק|ץa·÷>-ןg\wֲTM¼«¶×¬T]ךB•ײUֺאRHף®.{¢³»ק‏ys‡]a¼‹w°קrµ¯
eg”o×זֹ?)‎Lשp‹כC;®>·ד~uשנtץֻ›7ֿWנ€/‡ס¶[=¶_»¨פס~סk­]¡Ko½rµ×ה‰רSU=ׁ›—~׳N¼yaז…עU]+gkXכlי´‘…ֲ=ֺ²ת 
uvXֹֻש{¾ל¦¦l,n‡§j|46X&¥)ysUסצָ7­uם±ֻµnJmuד
ן\c.¹:ו³iq÷ֳ¸ְ?*«*WװUƒE®|–³{d^־°½¼—כ¯§ַvףµ±=¦Wד¾N;ֻ—[יג¿•¬„	Ky=lךUzC׳‡a<ew׀ֺT¾rJ¦1ֺ)cqף¬¢¼.ק;®ךMd°I±×¦׀µ®×Z•%EֲwתגE{״¶»ױ·ױץס¡·\צ‹צqַ׳·V”ֶדG[¬…ֶמ*ײ"®תl­¸·µֳךm·מq/ןוש“±¿±»װ8eq³ך^¢¬«ָסװ‏״ןמ 7½gַ©°¦P׳6¼zO×,>בdm÷u&‚¯¬µֲF.–¼ijױpד‏»~ְxU0…vץ[½ֳֿ-MQ7¶צ¥6e:ˆ¾8om¿[m»±¿m¯־o‎F¶¾v׃².kklS(¼¬FױN‡ָ³S6ֵכvO««ב€7¶jwk9 ¯ֽ—^l†a½÷_ְ|CSך²ntUn¬R¥g[ָֺ¢½nnתCXר‹n?lZQ~“צx—
?תֶi]4®1XדֳD…¿¹צ
4ךtP_צ /ֶm–׃)}ˆ'´¥©חj.[6ˆ(צשַ±
yם*o+ן
¥סrK¨F<TףLד¥VֵOtז¶[†ױE/rMe¡3UQy¬6´s1UXכ³oם/'

_:f*¶:l
ַ
=ְƒ]תb:«ב8B'j3ם]©tx!*k`-¯µ	חPV¾¿®~ץwק ׁ	ױZlj
z †jֵ™ּפְ?ׂˆ]»^½ןv«Of³גZ´›ֵ­U…P׳•/*מZ…½(›½.‏±[
״\IײדˆװVW…kp­ֻ×N>×Iף5E)¯q–o -ס’d°oiw¢ֿןa’³»Z•¦†×ׂףgT<ו>ltV‏†C׳m21׀l:טR‡W×j.¬˜>z‏„ף{״ֻ‏vי§vץ8½ב₪בסצ}»ֻמ­הµ²
IUֶ*]׳uy{7ל צֵgruc¸.¨!^ֹ×²µ¶¿Bµ­’‏רפ.¨'aƒ½)*Wױ0Y^nP÷'q?d2†ױXnJ…×¢זGˆce·d×D+‡-
ֳ2
e  L‡_;ע6M°oc»;‰a†˜ֻ¾ֿ‹׃₪¼o€9םi]p׃B]¾ְJ=;
גR©9‹[X״7[‡•²ב״.c'pVםf׃aװ´–+­ך
כץ­<‰ּE…¶¸YDP—xקװ‘4€
(־”, ‹…ֱ–·ץְֺ––o·־ו
”©¶^a
4ײֻF6ךדpƒֵx
ֹ(|M])[FkqQƒֹR¸‚†pץד@kXNoK+ֲba+v¨«D¦
¶ֿקj״¬±רחֳצ¯²׃ֺWx’
8א±ֲ~M]‡_¨aF»°rת4ּƒֳµW‰
†‡›,]„קzוrֿcPN¿‰ֿיֺׂ¥Y£ױ¶Iג8f"¶ָ›ֶZnם×©±-ֲׁ€ףֽמv”¸ב	ײ¹6°)ה ^]:ד´~0 @A ןמw1ײ|‡G¬*ƒ_ˆ˜Xֻקp›—‎nֽ7q±ƒ¶×t^AZְ« ±ֲשֳFNב«V6—2´’װMx¯ׂh±]–™”ֹ¥xzl]sֿר¸T /!jַ7Pq«h’C£u•׃gהR„ך  ^q
ו7כךWם¦‎~Z‎2lכ£ף¥JUװ¾Qrֵ'6¥ֽבװB
[Sֳנ9&ר$־	rחבlC°#סy״Az#‡)ֹBןג›hbוR@»לU(€ם/P¹ "פWU°׃ֿ6ƒJxֲ6g»ױֿ»מ;¡·^½`ם»׃גf°‘ֶׁ¥‚iLw₪Vׁ
»=w&קנ2i
›Z׳x¯E…·S¦€׳Aצֳ¯a­ַ®=¼»סֻ11ך^N;„]ƒ.÷H­uׁE{’Wקע¸ׂב,ׂ fקְַk·x
[µ×l†zkoZ¡ֶ¶10II`ש¨א ס¸<xeײ•5' ֱ9SZNj&א¸ 0>קכב1—µ
ֿֱֵג<PֶDא%Uם¿L¨F»w»T9הזת¾]®‚“Tדצ”C™aB.“חנן׃B®®®`|
ְZ‚(l’l לדר”¯h«=¯­ז‚ֲz	­״JְבE‡?£ץ=cו…½צXw¸‹ש¦ uP=8fX¨3[7ַ„ץ»ִ†µ›‎Bּדˆ8z€-ף6¡%םw-”ֹך÷|kƒֵKׂׁלר†±±˜ײַ¥R6(ָ;|o.†_­
*Wq•JYD\…_yֵƒ₪uM.?›0>»­fנt¼\סכ]xס‚¦¯מ‡n׳_˜
%ְ~˜kֿף8$שnX°»Gh´ד״…p3m‘ֱf0e
אףAק@פ«¦^טi|¶„•—
lP•tJl|´שא›p>©¬&¬א|ָ/צ‎€7¡ֹׂBQz8z¸נ .ֻ* ˜ §¹y·S&Rc­סa %׀KiYˆ*ט˜·<j¢e U6ם	F:Icƒױ< ר«ֺֻ•¨†g‚ר¦ֳML?׀ְ3ׁ‚ש=ֳ;ֿ8_(ֶץ׃״}]½ׁQֳouְיpz×G
+[בdגEֺnkֲ
]ׂ<¯‏
A¡—¾ֲZ:£אxWֺ·–Aט׃¬G_µ‡‎ֽ)“T°<p±“נט^®ה0שp4.ת=4¾8"gtת‎aמי¬›.8U׀װ
8k%׀e•"¦¸jo/8וm.T2׳אTׂ_—«®pa}Dƒ³ׁן†}{ִ‹©c¼‡.0(\M
@oX÷­<¦`—?N3ׂ4¨MO‎ּ1…אמp
”Zװx>‡|׃פU;"ƒ¶ןqT®‡םל§‎¡¬®¿a‹׃½qװ¸;±ר|דPֺ$כ	_fl¿uַ±וu
\«i­/q´lזט ?±z³₪d±aלי6ˆ²—„€U*םֻiXJֲk¶5׀–aKֲֶ	ִת¯ֳ¹ינran¯cְפˆ»ײח¿x¨ׁ Z·נ,¯›£xxX½5ֵדn E£K†fQ8X׳0,Sc›¸נ :×ְ₪¾£ע`%קנ=
נ<C"XAדוֽ ]¨הֽ_[†¹¯ץ״ז?1זםױ«ˆ\µ_=cאxdא]|^Oן׃ׁ0ֱא1FםסƒY•ש±½ב }…d9I·÷^e/·
ּױ)?pֵֿֿb‹לs¸½_µסo3»5<ל²ֱֶcaצ«ּלץו2VA·x@
Vּ¸ּp¿1²ס?ֱֳ‘נ‎ >״6¿#ב<P€+jDkךהצד}>{קמ‡ֻףא¿Vׂכ X*י3װA£ֱ}xG ש$„‡†×o GµƒYגnI±b]‡§£•mַ_EEּׂ¯®÷*אj׃ץֲ§ַ½>
ַ¡=`\%J=ֽ/
oת,כֽ0«„sֶסµ-VVC -־hw״gק„‏­0‰45־xְ¿=>פ‡םס¶טhI„ 
ZiַZֳ>ףJ´›Hײו¾' {³}p	ס?‏םd`8גµWSdWף{(‚>×›]\®µ?{nֽיae¢ ײj¬[ב,[וטײ׳!8װכמ.< ‚€>ׂװ)ֳ@iW^®Cג׃°ֶH8“ִ9u91µx
>ֺ)ת¾¿u׀?s‚ְֲ׀XRFuSבKכ
{דם‘ססױ‹Gs₪U$„0QZ§7זלצTd!PaBˆצ˜§ַ2Rַקµ@r#ˆֿ·ם°
os7–;*¬¢e(% uץR[%)ֽ #T% ^+
—¦ח‡ל³÷N±<^•Q€ˆ°¡AQֵpפשp;ה§>+שs+ !“יh¨נ~?¶›‡ױ
@¯{QIo
wשאƒe#kג4,AY›n‰QטU¶÷‚׳ֻ\[V<S@נ0exye<Tֱֵ2שחס´¬ˆv•י€תY®WO<…ֵמ–‰©ףבflק(¹›ֹְ2„
ב־ֳםiֿ=˜ƒL¹I`n…ף₪4VױץlFRssLבblן ֵ/·8שנX6ְ[ֲ‰*uט /¿Aַm¶D-§…‡¯$z"Vןֿ0‘ד£D*“װ¥…±₪cnֳ^ע³ט3\›¡ױלףp½ק½ƒ¶U„׳>€N‰ו־ֳֶ‎q|©]‏״k|ףbח6¼–P¼חִׂEִּ¶Z}„וו5cm0&XK-kµ2<ֶB'LVLס\‰[Wצִ¯״»הT¿קֹמ@נ©€^5׳ֻgׁbׁ‰ƒM:Q0~פ²€K°?½!4³ג›ל'±כ<NּK¬{ת'ףֽ4}<8״i yרZrמ5¥+שטֱײLןל¡ח·a”` 8×ֺ2ּ}\ס®†
 גוק‡Q•Y	L\30¡4–׃$.A/ vֳ#WJדw‡‎–¦7„בD_9÷i״נ״²¢/וָ˜?7ֿחד*‏a{{ן¿§ײ I1$d˜ױ8`.’_נ6^w›}׀·³59§gv;\ֽ×‰>צq{3הWJ’>“’+Q´Mרר«a‎k¿אֹ˜] קa‚YC§DXֻ2¾€הg©†t£gסp¼%‘£ֵ8ח_ף‘g»;±“(+3א@gˆfֻפ}>†?fןמו™ֱע'¼´‹w־ƒ|WשN…ׂ)ךV׳קפ#^cקhו
“מj®ֲ€\…W]3&„3L'7X-/†[	ִ„:… װ’‚/Pר¾’•¸e9§0^פwxµד°ע¹װ¥® ¬
 q«XJp5„Gֻג56' כ§‘GמO„“Aחw€ײdta[3״כ)ֲ‏‏<v·_xsX‰	ּהT׀„ֱ/ֶI—נ¾zV$6צֹ¸‚ֱ‡‹ֹµ­}M/I"pV.»|I¸‎`n %W³mְRֲ7ם v;.³Dדxַ¿¸
 €ױ5m+ A/¦"Fg־‡ַ›ב ‏d—ח÷ ˜דkG*DCY3ex Gְיה‹³ י2Jֳױ)™Ftc#ֶwMלֽ(½„צy9ֲ§&bֺמֱ¡£…ֵ7‚µ&כQg@I¢l’א” זfֺב¥ֳSCaעy?ק´SIRSֳ1ih—ֶר³Kז_÷ 	&@Xm“
U>zRu<הA!²גיU»םצנ¡‡[÷¿´§ױ««v<׀|₪ױ&¥ֶ†פוA¶Rגְ\מ)8וsYֳj8˜€ק‚¬M©7;כ­\¢,q״J³•r%(לט¼ל±‘WחAGּ¢@•–ֿׁ+WעZה¸NחרחmPי/÷_-“¡ֳַa±•>!‏ƒB7XOI6OYCqגY¦5vדצ0o°R;)ׁI·נפ±¡cy¢±pF‡—.8ֺWֳ¾כ׳‹ןִ¯…W¥טא©p%Z־…ֳץ¹oַצK¾-׳	–§f1¶IS„²7c¿¿—ט&ֿ
ֿ״ל÷‡G"4lצ±•Oו¦@–ַ5׀iXֽ'_2U¦”I₪א—בװ¦$1נ„
\ׂxrְ	B£Zֹ•hֻ¨}¦
"]ׂ­¹( /`¦a״²†'­ֻ9Yֽmֵh^u»~gֲ5AXדh²ירײM¦Dך<zר|ץף–°_|µkj8<¬Vi°E°“C’!הֹ-ּZק½e:ױא$+	לָUM_םך
l׀ֳMnק`‹ƒ¦׃rײ>m‘RW];nV¯ס†ˆִֵ>}g"&רhWf*(—ױ…”„'†וƒKHIW ~ֱMIT¨ֶ_r¼)¦תמַֵֹ×f”8Aכטֶ˜[ײֵֿ =ְp]`AEֻ¥ciGר×\ >ד
C(Lפ(פiOתגֳֿpת6a½qִֻ!\K€דR<¶ת‎ת¯#w´1ח‘מ	U«L…Cֱ+להֶ¨₪j¡‡~ק¯†›Mx¿Pcגnפ‏*§בU% ’ּP Bךןֳ״‡Qם÷[חֲ5׃z€ $e	w¼7«v}¢\
ֻ־
ּ’ˆ3=J l
_½]¾†X½ֺבֱ€1†£UM~זכvw
K’^3ֱּT
p4d¹ש<קץ=נײחק‎¼4Kםv׳G¼‎ג,ֱ÷‹¾°5ײ<ס¹ג¿Oְ~¸eׁֻSn¥¶ »'e%pכjםlRDקµ (#´Oק!8+¬ׁLֽy÷_״uf־{P|÷±‎P™³7,a‚RתP~.§ְדַ׀]¿[j א¬#
VVהxֹ‎`[(±ר)ה׃½˜jֲ» J„&©Ykךוbונ׳~÷€µeֽ¬י2•iS*ם^TֽיZ±XJ[×l(¯‚nQ׳קם÷½kק·-Vי<t+
ְNַsq<װT8רר@>U€
ֿ$–"  G³ח*=ַo€ת]‏hok&†
#aֺ*
tL$¥€ם!¸Iַ}w>MEוץ¶?ןaװ
מ;|י
›׳–Z¸®f®DֲZXִ›uK•a¦mƒ(ֱֺ*!ַeֱ‏‏ ך´ת8´ש¦Q8׳ֳּ²‡q¶:¬F¬‹¿¾‏ץ·ƒס÷+A¯ת¯pSש=¬UD4x86°@~צ
~«[¾
›#7M¾™J'BGN³ׂ^`§ֻ`0?vםתDֻu‚¢°|¦’@–.\א³cה›םtb¯ּfַPO& |מ½§—OZ‡Juy`{[–טֽB ›%l,€ XY—´)V:×,S¸ט¶¿‎©†J…G-W"ָ_ִָֻ8–ײ°§t÷¸ב´x¸A%Fl$5ig‎x׃EHD¹R˜Z¶װׁךפ¢£
­_,
ƒפ}ֵ’ש*d–b«₪s `x.¡״*אֹ×Fֵy|1l‹[ײjU
@oֽ¸„־BEt=ֳ‎¬Y-–/\ֽט8`wא­ו*C?‎בס¸ש’
נֻ¨“ה

wEֲD¬‡ַKX}Z)׀µ€ס^Bד:Vנ„°ֿk |(אב1?÷•aֺV
	אֹֶV3 £-zhב±¾m·¬G©{
Q2y&3KVlQZֻ¯›½ֳ‹†"ת²ִ5Pץנ˜נֺjXLדBME@O¡$ּ©$ טה*EGֶX:הNּז”¥¾Z| v9+¨&°‎\C dbHTA±{n½ַ^.liַד;V¹z>•Xzץ׃™Y‚ךץ‏Rש¢
VK|Y>;‏d×ֱA}¹9מןq·³ַ«i'ִ[lֿױ¬€ֳ*¥ֵֶm–£o—ַqxט‏ְ°חJם>ײֽ¿†*­`\R3"˜€Wאwד«{לjL¼e]A÷ }EEXJi5נSוןEo¨כח[אT³¶ &ו),U™2 ֵ²€ח™¦¨¡ֻa’+I²ַֺקד׃p‎ֽ 
ֻ×*)„ֵֿiִ‚•ur•בt]הֻׁ9¾ֻ—„ֶ²אlC„.§a¯[@×6¸‡Gֿ€ e ןb
‹¬כֽ1ֶ­¾C׳״§ױA@¹eםדv
‡½gטpְ#ס¼L’¬׳ו^¥ב
WS¼ןטןW´Gg?‎t¹‰ן9µQMYv4¬v6rE‎“Ws}B& AדַׂVe7^ לסbכג/ז®[‹KDJpּֳן^TbכL ֻ22 חײ2-‹ן‚C₪~?f¢"±- ¿WוY·Ku%ז›Jlu´-&„ֶׂ5\ְֲi¥ט©¿ק]w¸o7«ֿ]€`sAֳH«˜tםlׁf®Jֹ°¡פ¢&q†PץֶֺCPc '+¡׀»qsI%%¦]¦ֳxB@*לז—ַKמW@״qk¨|¢•לep
ײC{«f‏j&‰¿כ#0ח«aֲ“?d–קְ׀†•¦F®זz¨נ_¼|•}›h°ג
o¨כPL±«nןתPW4‹X,©Xtֵf@Sֵת²ּ–'c-ּיבovֵ‚S·ֱִ‡€y#׀ד† ט›ק-±פm¾יE¡»iַfל›‰ֻ
lֻR
6/נjJד$}n·ק[תן&eװ\«״uScCzםֺ¡¡ׂ9tםזp	l@€__Tֺ…hTy¦״K•ט«׳ַֽWֲN¿
M‰sפ›¹»iתפפdRq_•m ¥ֱw5)J Xp-QNב״aEֶ‏°—}ֵ”ב|+ֹ¨0	.₪‚–Pפי±ˆ+r
{ק<d³¥i´)kb›ׁ¶2UA.Wbך3=•?±ףפsj&+›‰_^ֺU‰ֶ`°4r´¬ִֶֹ`ט%)א o
=¦ hֳמ°.°(¬.wLבהw€1b`ױ×’«¹ֶר°ר4ֻ×=P"V?ֽ—b•l1O!”ףa»•אZTz׀ׂ׳¬Mˆj>zףaֽ½j ֵp¼־¨‰>ַ›9רCkES
‎־לM={גפvX¦;: –n‏װן‏ׂ®p v<g9ֶל;N¨5 –LסחYK5ך’Wֵכצבב´zu l‰yXBµ |U5¬ננs!™8Aם¶_‎"(-‰`%qֲk¨ x‡z0כ&¸f?·#,N”zI,/nCht8״”ד
Jqp|ֻa--ףUֹרצְf1N‚]ַצֽX¾בƒ"½‚‘:צ!ֿא^vƒמ[ƒµ1ש!7Eײ²ֽ¾LbSֻננ„¨Zjנ׃¢V-N'–.ƒח-כwמwCtWc׳?D‏־~‎ˆ¶›מ¨	—¡#<“~±4כˆ2
%ֱ/₪m‎א‎¶=·¹°® +aׂ`״-Z׃ר	0u´;H­פ ‎C.¬=¨¬tת]ֹ¡
UPƒ
C¾rlvh
ֳ YלM™	°H¶$®.sםµµג×n
י°¬ֽ±bv5®i°&±°?Vbֱב?<נuO‎›¹8S+–)iײְj°:«ד~/i
9ֻ^.‡Wֺx¼װֵlg	duַ¼־z!ן—ֵ…װּu]י²#_׀1/5¾ה´—ˆvb‡Iֹ.6]זגXא7>,ְץ ::}f¿ ‏6ֳּ²ײk•@׃t·׃§“¨†ױƒM	ט`C"א$[4´קש§C£«e:D•-V;ןl
]־“Xײ¿;פש›­*lˆ²¨jֽ+A7˜Bח«K״k±ָ^Q%57@)>;ֹ״ug #A\~ז&אJ-E…,×>B,(רwץפגi&``$₪¢£b@ײK)ך‚‏ֿפכ~ֽ÷¨צץ„H l.ˆy8ֿת×”;²’ֶװְ1¬ֹwהGב_§q€ Oף3B-ֱֲT<‎n¸ד©׃s f'´%F?£‚©V±Nחwƒ–׳`ֿlxX•[
Hֳֹ7¬הUעױװן«¾‹®=oNל|ְ†=
ֱ#1·׃6YKp•¡2ֶ¾t3¡=ק×'f•׀`]ih
z*ׁRRצוy׀)ש*׳‡0>Q±0¹€§›ַ<¬¥
[ךםג/}״A?u«wװnf7 ~׳Mmִ †G…V;k—Vֳeִֺבד„אW׳M¶‰‚pֲׁ¢ןn{ u‏“X‚S=IwP—–0ײֶV?ƒגz! uְׂxװ>’&ִָהםֹ°ֱ­`ƒ,†¥e‹נבל&01R–J)WOח	׃>¸ֱ~X½6²9־d—pְֿ)¬fַ\a Ql`c­™‎–X&vM4W*ֽוי@²: +ֳמ(1e±ט4k˜-{T’ֿ0ֻY+Hל†S,<ר›0h’ץ0/¶®כ‚	¹5­&9›ֽBְ±8 _˜קk‚›$’׀9t^­©b–>¯€»a¡סlֵַ·hֿ־ֵֽ§עצטD״2…>“(a™HL ָSFJ†cײך_VׂIֻ± ±E³Z¨×C¸D,tֽFׁ=`טc‰ֱ f2›lJ+\M–@ַJ­uצ¢ףgY‚NדC®¥2–סק
l‡ש״J´r–!?^pƒ­¯XTT׳)^ְµ‎…‘aל÷א†[2; J¿\tּTRֻן`¸·_ף7ֱk¬¡ח½ֵצ
­Uע¬”9³בjל‡|mד{5>9¹H©…eקt0S#n÷װ?E+†5״”8ה<$ֺ(€ֺֽ¬P­”“8׀dֹ¯ַןoִ;נsˆ£ןט×¿t· i–f¢
›N‘ƒ……¥PYƒ/¶{Cֹ&ּ¥`¶ֽ*<x‏¢–³i•5†׀‡Yk^קL
®®x1¿%kא•גױ‘P†ׁ'sV›ו]%פIצ¹&ּd´„EUh’ˆיQ‏״¯—ְY²A„ֿPסJE¡סַv׀-~,‹Qkֽ¢ז־+‰#× וc~›G’¿bֲח”!}–°ֻ²†dPIּ
ִמS\nN‏˜¿8כ±€6!;C¶7›‏›יf˜®²ׂ†-Uֳ’Tֹ;טX׀"׃‘‰cK±9ֱ:‚qתt־%²—GZּ
\ל:6oֱwcm¬נ¦ל‹%…ֳp><dwµ'/ד	÷©U¸'”JfcY²„ק¶–°W÷CUֺ)ב‡’+®_6Yn¼\ׂc
M`¨-נv5¥µ —¯ D°0·‹mb
syP	!‚׳s°7¶bMu³נׁƒ‘ֺH¹z’wSS\„ֻ«wֳדֽ%ב‘ׂ„U¢L	†
”ָ’CD#qר™₪‚×‚Adו}M„ֶ†כ´ָףו÷[½%׳ָw₪¥
¶'p$•!¢R¿t;–ַOץlּI9¦ kמgJׁq“%ּט½„ׂ*עY]ד=[2סBGM™(6(9Vlh`ׁ¯×¶~ֻ½&X¿¡4¹מיֽ7d¹hU2ױ˜«ךx??mו‎ָ™v`\JNl©OקS,uo׀[EֿקS©=וֽמצi&ֶ6HHֿ—‡־+{>I8f.‰˜ֵכS‰T£ײ…₪"ֹIִ†_0­&Vמ
^P&ז©<jb‎*6R/ר ±#׀—תח±g@nBך­לMװSt4t!%˜יƒ°n[„-_״lף×ֲ.°R…¸ֳ_µ
םסךm‡|״¶‎¿e}c(¬hָ.¦$%Wֱ:ַתֽW׀›$ˆ€*‎ִ¦W"²יPקV
l•׀L1iPA,‘yכ~'ַQMֵr5כ+°AhPjדװ˜R₪Wz„»c’ 9gL¦"!Bֽ× p₪bל¯נT$¯HנcKF›+w4ס_I± פwִ\¸g…כ0,Ke+&•ֵnדֻQd׳ּ§jלV7’N‰yJ7!Oֵ’ Hm	וU–בH1UIױס~?
4™, 8|X5ׂ³ְ˜–M9Cy²‎‰ײXֳ	חBר±¬Y
ן¼fנ¦I•O±•v
ף¾!„f₪  0@¸I6~7+d^ֻ­†‘¼e,—\חג€E„i8נZ׳°¢ֱeָֺ§/¸sמ:צןד˜uֲ·ֺ‹•l—$Cד€כ§—·]»ד‏{ל6עUהc—‡~¦nBWG=Xֽmp]	o.תn¿”xײֲ µ^½!#@c©ֿ°xV÷עְ…²	Hq&3´לQIְ×•1	²ftIֻ°–¸‹p×d¢ֱ=ײ³w!¥‰¸uֵv vy7z¾¯€½#ַY.וhaNhָ´i<k
§´j*:2:…vְYט}³Pלִ½ֽeִ½D®§h1:¥,ק×»=nz¨קף{¸#SYף]כGּ5®©I §¸
ֳzdFֻDI^ױZ3‎;›ENרylk”i»¸ —|נ·½N,G9בS׳ז ×4yM¨bƒq–h׀KGi¡¥HְNcFg|y-0¯Iתoֲֿf׃ץםג,°׀–’I`ֲׁX«b=ןף)ˆ÷»ֽ}»]±5»ְ³6ה ֳNֺRַ|ְ%3B8K$הR׀¯¡ך~3/	›R^oלcZfAַ7@ג¶P¨˜o”ף0~נָCq>לֲN1‹ֳג5״ֿu1ײף]Qױש %3×†׳LO¾›le2W)‘‹†ױ6f£ֵ,S·Y|'ֻב-µ' o¦×ש±gדp’
!q·[ױ¥ותeּה=¨t¸HnQL¼·ף¼nס†ֻ9גJ“+ּ¨`-WORק…b¯Wצi¢W]ד#…~¶EQֵ¾‡# µ—ej‡כhHֳחֹkֹ8“Tחֲf2xFk×¢yAJ©‡)ָ	יס‎
ע†ב
ךְ™Uִ$t¿ק:	ִj7)±?3ןd!ַ>˜C¨ ב_‰]¥¸wצ‰¯דו8וק(Y+Cחe–
vm=י_ב#ֳV/?ֽDאJ°„e?%‹©ך¹נ׀oָ|׳a‹X:פ¸b9Lvֿ¸ oO¦> ׀:PUב}}׃6ק)ƒ_dֵ/2$ m₪¢;ײקK9ִv×¿™״מתסVl®*~ֲ% >פoִBֵHת+r8b‹ש’ׁםaַ¼biּ$×Xא„‡–ז<^סdֵ״ֵ«M»F¦ֵd‡ױ¥”„XCFN&©½׳ּF׃’\N	›#¬wLְWzײ|€ «ֿx£_7ע₪ֲ”I2ט	“¬ֿ :Lo»בך_תvu¹כ„­5װQ¬©״ע־^h|sֽmֵwHr»ןw6ם©•ֵ°*N{ .`‰ֱ£
+ 4’גcק0‡\״Vּ…¢r¹
=ז"_·7›מ¦[|3`ׂ¶k-ֲש|ד~ֿ¦gR’""<­r1דֲ#‏n,‎&א&d`Cc_LZ!,X~j¨'t‰±E±*k…~{\miִM·(Y
ֳKG>ײP¦"½¹?¶”fr4clת׃BJ aC+kֹdIכ@‡[Jֻױ“9o•פS4ף,;k'»\–…g´Jר^V%Z¡›
9tqסnגױֿ»רe‹z–2לF†«\lW״l`«דl+‚cp÷װ˜ָY®c©k־¼nƒֻ–Aת#סl¥Oצ=]מ†…׃Gַ,Wִׂ¹³’זaחהWE,oֱ¬C¯–/‚
¼B²÷²ֵ׀:±!*–ןֹN<­Yלױr7Eך³ק]{¸i% nֵ¾רצSC
V(¨ֵKjˆ V&¾:b"2בֽעˆ†ֺ°\€w¬,?­®w¬p?0f!דח€וב¸coֺ%s¶ֻ;³jT¢q
vָ—±וnB;ַׁֲ±t˜½ֻ±nv 0פD'g>D
ע.=פ·ש§K6u{ֲׂ׃A³6²/Ka£/.ַv¿\R	¿¦fַT—>ֳ·ק71ס׃€חֳ.v´4¢³÷„‘‰x“©:÷כֹ)‏°—לWד0|ֻoQ“»ֱU‚ֵ+Iiִ#!7ר־vה6”f’…>f]\_װ®¦’µ@,trלֵֺ‏[-N$«ִ₪ׂc;=½¬™tu§»Rrj,±€	ֺ¥ֲ `ׁn„‹±8|u8ֺ,Dƒ×«‎₪³¶ֻO0י‎>ןlTWLֽך×†¦' ּeט®
¨/	ב‹²¸c·צ6Sׁdװ׳³°s‎‏€w!ֺ†0	C:¼Mי_ֶYב<`«“¸הגקֱ\±Wֲ@5U€³!~ˆ¸`₪IX…	Me…Uֺ÷9,ƒ4ם}»6±$0ֵ5+Mֲ•,I~~‎¸0־׳Dל>“¾G’צֽ6Zv¨ֽוװן|xֹצ¯‡a“¯Kאv
´<Dp(םHi(‏axXjU8]$SהףD>ױ£c¾k׃ֳ¼;¾t×
8ְYעXלrױׁ״J'A’€m¨״«oc]×Kױ…ֽװ¹yױ²7,‰8rm6tװy7U=oך’ּ"‡ַ׀י™XY‹ֲ8xד²ij ם5™ iF“¿Y	>ז6«†˜,fלֽklj¢‰₪Wע«¢-
‘‚?Kס@’`?ּֻuנ4§¹
¯:¬³הµ’ K>•/I2`4˜ִֿ›¹z ©.ֹdt]±•©¯˜ּֿ&B*µ<״3Rףֻ¼ח3<Iֵt$„
‏XGקd]wm.Ob!–ר“ ‡¡ IמLy}צFײ†\H,ל±e*:2ה»¦ֶ€afzyמףk”₪5›קהגֹ\A]ןaץ€p.wwE%I¹ֶׁE`t„v5·™(¦½•7_¥;ֹ0״׀€VX¾©ָ³'uגG†_’Tֹ0"J#5SBֻ"×«ֽס0¬~jקקש>¶‎ך†6ׂתlך·x
M¹שכ­צק‎_«=א
1Y¾_$ץY45pV™EB€‎ֶֿ‚=׀ױc‏ָ¡©&¨:2ׂ?…×׳@˜‎×<Ouױµ»דa{ֹ_7פ¢­¨ֺ™ש-N¸|ץ!HG‹.LֺZ²•®&«´ $1ת$%Sכ_}–1¥?1ֳֿ“ְז"N\xmBW5
6s€. )fdעע£©L˜-י´3®^vד״}ִׁך¨§ֳֺׂ.jׂ©U1¢ְu!רR
`ֶט¸fN|±וֳס¡ (02ֶ4§°“׀ֹװIֺֺװ fרuˆ!ַףzNב‘D,ֵּֱ2־ֽ־ָױ´ֶ¦ֺy–פa{ג]‎—C÷^!
aַkr¦9©uז¬ֲֳ†.“׳םד׳׀—™ £¡ח
—"ףeq}_r
ך$8²ֿ7q[iװ­ף®¸+ ׃”·ּל‹!₪jf›שI‹# Y—tחZv¶h®¿4½.ֻU־™=ןן²Rד<Wל€"	Wa{ִַשy ֽ‎נ@ד’ְֹֲֳk"ׂ®†ק;E©ֱ"¯.7½ָ$ -\a´q׃„תצPV׀xY¹x¹!?}»’°׀K’q)”ָ÷`KmN«’3ו¨v,™ !	׃כ¼»הE·בץqּצ\[ֱq„{~×ׂ»f²¿<
@µ®"µ
<גֱֶֺS‘D·<¡<W´pH6,»±’Y‎ i0ַ8ייDxrֲ§!׃…ׂmv&ֱ:C1%›ז­ֿ0‏Gק‎פ8 ?I¥Yצר“J÷!:¶—Mu$
Pjl?סוiע>¶Rֻ1ֻ“כ‡÷ֳ°״0יװ~¬^†¾b]&½o,ֿO7a.“l₪$tr•^JT~ח7½ל₪×01—,ˆ¿O1בf°4°¬$*‏™£Nz¥›"Sֲ›מט… =׳:¨Eאן„7ׂ]*ק`U
8ֲMֽ ™ט‚˜´•U‘ז¡Gצ^¥ע‹¢™"`נxY²k$bֱ pdˆסz!8A’ ַtv:´ֻגהj6e¦8‹”־ם)*
	¿YW²p.Z-WS…־”¸´מף·i+,Pם¹אc־J‡ְׁשסpְOkSֶֹ,G;W‘EM‘DX4U״d›f×>!H'Rצ„¸A
צw AzV'K&ֳײbiכחns;„בL|Wi´˜©°¹‎ֺn/¥6ֽֺX-rPIןֹ“×ֱCT•\=Ytֽ2t&d-  ¿cj¾–tdל–P«n.¢¥2פ`–#ֵj£“Cֺײּei&ָזU™¯ֶ@‰חBnP×TֺTב «KZq~Eָ£R«,f;[p×ר־¾_±eˆy°^ƒ{T°ְ*ײ»הלbֲֶֵ¿tlV5ש¸aX>ֹגmG.ס®¢‰ש|$F+Vg’ל5ו¸°‰¦©›y@ײב'/Tֿwכ»מ~¸ֻDIףֽP·F­¦n`ׁC‏QƒG×K&פ+'Wע|}`ִםg¶†¶!‚7›׃£€ֱt÷'2¦’I&•‘ַ$cקְQz¹ׁל³אP'ר4xזָ"oֲג¶P.dֲכד„ֺ’+הֹbµm˜}÷פ₪efLA×:uֳƒ,וQ¸’@±
‏>t©¢|vJc–÷7!>)»)פ‘j‡!_crִ8z״׀6l`Qו
¶·‡ףP~\C83©ע¹Cˆו`ֳמ‡ױ{ז¢>O_‏חב~ס£Kז–kֳ¼<§x5s•÷¨¸I…>7hW¿0Iֿ כonmֺ	I›ב
 ֱַ®<א+ֱ"I„“lײ”Oדױd$c	ֶז[ׁ\ֳ"n»¯₪ ךג¥±‰ֽ75‹בc²‘n5©‚ֹ
@ך	2ֱֻ’<חdֲ(„ׁ¿	~ז₪jo=}. /מ=§“0n¡b <ֲ«‏bGV€",ְדqB]f<D!W© g-ְf׃
›גףױ›8©$ׂf~כs־”ה:’9ִֽL f²Nך#-µ9qµװ#ַכנ(ָIְ$ֱ–¡ׂ?|™]V+²hבad)c£גL&rˆ265ס#+³פ״ײׂJ°~b0oג¡¢\DְZ®Dו¸נ;†›†¼´כְן³T‎”4ָ	¸©ֳ ;ץ§בQ×(¯ֶֹׂוVֺ³¦ַ1™°BS%··$£ָ)T#$n-ִ•–÷Uָ³ל3›<כ¶eg³ּdt;5ׁ«Xhכ´iIע‘‰ׁWע¬¶+חRY3qS.ם$Aצ+ק!°…»אֺ9%f‎…ׁn·ד\ל2µ•$ֶ7ֺ_Fּ~ddּ™€’r{ֲ’PmדTCYƒ_†ֽm»ֻ´{G`ֽ=ױנ4ױף’]tת
´‡ַל± ¸M3ף׃iHEֶ?‏ ‰הx=<n¯שZQaa,96«ֺXnu†X‹v¼iֹ¶$%Uֳטחװ
ֵzh¾+•4‏§{V½?מ¿גd,¶5–ƒ‘i	׳r•ZuֲeO CןIַhײ±6€stb<y»z¿טע…¶\
˜?*'6×טTֵנז‹Q¦‘ּO־¸=ֽ ¨k׳ֱ2ז€{I״ױsלֶr:¡{׀ּNo צ,ףˆל°Y@°a0כ₪™FּH-……יײ’עe	ּ+ֶ£שs73l"׃ֿ/|uyb¥ׂDD1‘‰eO[³÷@z$`÷€cהף7…iB6kƒ׃'ְ'• (ךס׳-׀M»)ך¹=„>ליe®ּ oת‎ם±?ףL:ֲp‹S uEF‡°G¸¦˜׀ָF¸iHׂ¬je(%ז?¦÷‚װ{d”D¶ƒ‘¿3ֶַ$קT¸x¹³ִjc9ט†yUv‘>¦ר¶b‹ׁץײaֻ.£$\‰גre\O×]Y?ֶ±״₪ֻ₪˜ֵ1§K־
—*¼~;£,“rdּׁהƒ°U&Wץץ0†ִ׃ק€7ן‡\T×Cבi״L¼‹‹N’i‹¹.—א,]Pפֹ›(¥{=ְ¨¯$|k¡d3Qr±
ָ¸&\ט‰±׳קם¯םצףC`WqN`“™₪×¸dq€׀'%‘׀rZבM“ֺֻאg=1]·_"›V.בֹNK`נsנLׂbB[ם†# ־ף#5גµw,ץָמ¥8K–װ‚נ‰›זף$א\{/6"ש¼n8N™ַֹA|s
[ֳצa׃¶ֻ_,ם°tה½‚ƒ«µ"«

sfw}א`LV±׳xq…וj&ֵׁQתנ ·ַ&ְֹ/ֹֻE´D,˜m)©²"חnַ,מ,"‰1Wֹײ±Z719r¨78¢›m{&§4u0;»™/R‏u@ד80˜ְ?2׀גUBםE¦” ObJUpד°י׳¹Bס₪†דg&ׁo®R-ˆּ”׀\ֲxרָ¾†³־&%qגO…ˆ/2¶h¼ן¶C?J`¾]½ֲ"g‡ƒygfrקvr5SרBG…׳‹ב_‘$*“ה׀‡×V§†ֱj‡ֺ™SAI*3h…=c’ֿ(hצ€ָֻֿ0צG¸¬ֿ"–t5#עeֽ׃־£˜  £¬I/ֹyכe‏‰ֽt3LS•ק?~…N(t(«s–ך§;H¨S±–ׁ•°G±”3”°ֲֽ%׳-_סdbRKfז
)% LJ’1qHב¹_זGF©8®bף§0 ›ןjr3i 1–&’r™v»|ת’-Fד(א¬÷²·2mמ‡ַKמזs0(rָE‹‹»ֺ0ת׳:׃0כl[c¥36=¯D‹ ֵףחa··‡9–³u¼˜C ּ‡ֳך×‎Vx×Z
A÷ƒ®eג°Bxgכ™Uq*«],
ּi…+«˜RײYJגe‹ֽ˜‹…•g°I ‡
Oז„BB4(yֳ{‚½ ֻ
jI¸ֺשy¥«¼? ?p¸9‎p1™id˜‎b¹#{ =±`¾t=´־›״«ץדז¸}״g·ׁl`*6ּ´h¬›‘:‰"./אpֽ&?qפ ¡ִ¹ֶתָ
קך)–¬ָC
טְַI¯±¬CR~ׂS bֹבַR~מn’d-|„ײ„«<‎צָ’₪ל׃₪6Uׂf©I?¯tֿ$D{3זˆ±DׁיR’V°ְg-מ.fpֺנך‏ְִץ<3ƒ8ג ­tשֶ₪`VM‘ֹ‘ אּ’₪L3Hiש
§ i?1 כ׃ך¿Mj קז¸!y‏%¶ֿm ױ₪װ›ן,*–}Sּ0e3Qc:~מµחt…mֿ׳qֻ<ֺש&Nרe‰	ֱI=‘KTaoס6n‏“;™T
^r$X*ס%±ֻxdvXTO‘tרOUֹל=+_ |P3ˆםֻH,ldִֻ™פפl
’n&ֱ–XQ<±g₪)sלI´RאXּdeH›Kח~§:ֹ×÷„'ִY°Y”פiעגt:הן÷»akWC¾?	s!«3‰ K1_²[ןְP½Y״3³­H
gָ(±׃“ֽװSµל”¯ִֿt-#d
µך׀±זז±ִ<–9«מ°_|1פqֹ\ֿ°‘4D¸gY³|¿	82צ}Am(ק6>נ¥p?Kה{!†'’‘“הd×t@5Sץ»~3|ףְq‡™	xG#0ֻ!ַ/«ƒוL¾Gh3צךx!{hֲ•T«‘eק??,mµּ€_+c
ƒ.‹ עןֶCyשָq1ְHP7|‚²®]l+ƒֺzֵ´ו–™Dֹ†yײh_×™cYת(ע·®ו\r.³—LY¨ו	ZֳzRיףc¹ֻJ¥“%^ױװ.§ֳ1¾R‹~wַ6hn B²—dעV´¿ײ‡«,ZBq6c­nסְל(cם‘׀
P—ֶ‹hqo»g¾|ֹ+₪!ֳ¨F׀A‹ˆנ‹nM€"ֹ°~סMׂ%׃ˆףֱQ׃¶T1pֵS!ֵL’x<¸p1©ׁx%‹¡ה#ֳּ«!Dההן®J;6›ֱץ¬lדL2g†,ֻ1´\:
N3d$דy/[N,¼<ו+_’י•0W¦7׀	I‡)GAתכֵַ _±´ֳ†«)(הOֳ]ֱֿ=
־ֳד%µ‰~ף7„’k(¼ד¬¨I¬qלxוy¦\)ּ‹.Q
ׂ ֺ—›>³ֲVP@gײSp-‏ —›דֽM—=]ֳa״¼¬W1ל1+)	¾3[dG§±¸¡.ֳױ“״!v`ז£־$Jײזסpל32×ak9:SƒµץKׂ–B8₪R¯c]א|o6_†!'£Dע5צא{gyFפך®תWV~fr‚{8ױ\M‘2¼¬?cu¡/
ל,
+R~»ָGNְ4ש$Lˆָx††55ן&£UCZְ]@ּ·ֶi•ץ¼בצ‎״ˆ¹†|Y*&ּ(„םgכ|‹ןDa_ק¥4:₪£VׂO–₪;@»Iכ	&

טs†6›>GקP¦c~”+F}ׂK–°ּׂQ2¨נ
<פy2צ²Tֽ5³‘ךֱ¨°¿B8’צ^‎dvק
ֽ¦ƒ¦?ע[yzֺµ\װ״N’_/©¯7»•l½\Dח’בלI(0÷„1¦קh~,GֿC£קk‰™ּע„U„fLW:‹eרגג¯‏—¿‏_«_™ Qץ%ֱ+Qֶ6›#mpn׀<£­lZd…#כh,כ²‡מ» לLׂ‘”ֲqXInx1TfrO)ַ¼ץ4ע/ף$¥€i״לןD•ֿג&’´<¼ֽv»‡ה‰A¨\”uױ,µ¯T¸˜װXנֺ¡_‏'(³L]¸’ד£L5_₪®»¦8[¯־Hֲ—\ע·4—R×״¦#״*ֶJצ?³™<ֹZ¦8טfY¹
)זbֿOנ¶²ƒEײrת0%„ף״¨™°ץG|ֱ]ˆֱּה«״¦ֿ¸m~.§שחeװ«fe MH“|ת=/F¡“ i›©Mׂ״6H¢Dֻױ“˜ן€›1@װ±ח\×’־g+#WR1m׃–ע©לף†Cם=K\9{7V^Jאִ±r9dSH’צ%4“Vג÷‏MT
€†¾$ֵ©™¬vפץ6|§¿
rֳלד€ֻYaװװrץ$%¨ג`ל+פ&­G®·5G(ת8¸”|3Rb5…½¯xֵ}fBµֻ@‏4ֵ¨.¯…ַF­|י;Xmׁע$#
ד₪4װ‘¿,ֻל״€g¬®4©אּ•¿ּֳמך§דy,t%=תםrי’ƒ&4›*ו,ֻ'©SaעCm	ֻ“e¥ֱ
‰ו%s´aף›ֿ[טcS?€×ם‡¦—Pצ~סa†ף›Bֶי¹‰±?×8ָs״»©׃U·™0Bo•×°$!׃!1Y8דזט±b¶÷d(mG׃bD&ƒ}ֲ4> § ‹Kx
l׃xןתםןLV2 K״ֿhW׀—Ui>ב›·v¿¸x@ֻV}hה´Oׁ ב|csHק:vַTj“-%לcײU‏?לל_u°½ם1·ד”kׂ¿ֶ¸µ’מִ8ױ^P«XױXאֵW5V
V4×03÷÷x+¬׃T‏ִ”§ּ־ֽ<-],Yֹ׃g8·
F-״ֱ¿·1Cע–8g«P¦MאQב,
ן:ײ­deו¸ב[Xid9©רH…I‏c—@<ׂ¹ׂ½״!ggS™%¶
ײ$מ8ֳti״hֻּ![¼¢au3¼B״
י׃¾bׁa’{W)†ֻ‡»–ֳ¬װ¿ֳ׀
Bְ38״ן …ֽאSs'‹h¹Kסֺוקa¼… ^˜ֹ
ֳִX1l]*'mSָײ‰y[ֳֽ_}׃‡ך:®צ¡־wֵf°ׂסƒה.
w-…wMM¦rƒ9
 החkn״NEץֹn™Bז¦ֱ$}לv]»†5?־דֳN,=Wֶלרו¿MkַתֺjN<—T,aֵב1ףy±גז¸ט o4/ֵ$ּ=˜ֲgg}e7—ֱqy=§[«”µ®ט%;ֲuM_V™קֶXl`U	;p—}¡ƒƒ ֻ_P“n.w/#ַֹ¢Sחד L²ת—ױ‹דfף(שיV^I YXc FOױh¿‡*ׂנor¸sQ׳₪[q¡¢D S¡·™\I×Fם\ֱ +›״µV…t1>ֵקקר·ֲֲֳ˜הY1e,§c:(°|’ֺ<א%ֺײֽ>Moֹ×בֲת°^׃ֹוk5™$›L׀Rה*”i˜.–4ְַ¢ּ	׃ֽ•הmˆ/<‹oֵµ€עiRGDֶH!²$S–¦ַ7@%¹בq(]­ף(xֶ‰V€A„Sֵpיƒ§9”–I°(ֽױX+­…S´bT׳ק,D~…LD… ח‹םהירK¡ֽ>םא©5·±¶{F d׃ַ™«[ -כclאs¯ֲ¾גBqK/>_תֶ±]רp5׳ץ’½3`.k'1©ֽ"‰@‘ע׀\O¼o·[(-Nl}ֽ¶חֿפ—נ®~קֿ‹›pט£q§¦ֹ†]וy׳-¾שaּw?#נ°9«‹–$–”fװּ²².cgu#סI™צ=Q/ַז·|ִ׀ףְ»aA_÷A‰eַ±Hֶ“gךG‰ךF³»~ל2ל}p´ %ָ!¢©0Bװp קIngA¬…dי±´Ue9₪1‎¼ם:™.‏×]_%98d/pאֽv+}’ײׂס&” לX²fְכֹ¼›$DֺR/²	ס*ןאd„L־„±Iִ5c¯Pֲ—
,ד!8mCMH
E¾%]FFˆ#Bּ‏ׂ ‰G¼כ·}¶p¢שJ¡}”¿ְֺM5ֿע„£µv3­`'£ =ס‰c‹×OS¶-¶©nH\‰'u,ֱX÷ֿ7׳ם&?צג:Ku}!דzֽ³9¯~ָײ™װׂeת	״rBi±¶ם‎q׳חZƒ[²#o<¸½ִֺ½9ptח.9׃1¼ kJ
 ˜’vaLשֿOzz‏פ׃ֻ§™4~•פנ²כ₪2n¦²’§©װו˜םjֻ1ֻ~a.עMנ³£gע™	L§ֱה±״W.ּ]ך׳‡vw·al+(-G0ה'בֵ“™*›‹'ו†״’‎
h¢¨גֵtyחg»];§A~\״F¶/+¦i§‹P©*Agז׃L‚1–:^I־>6E]¥°עך¸°׳X563i—v₪ּ׃$¯¡¶Xה>
ַֺ[ֶ‚×p!¿]¾€ גK7מ†׃ ָ	jמM´,*ז8ח¶
’ײץ·‎:צ~³§
6Eתעױb׃h²6יֳֵג-¾C¦°89	³A±ֱ†‹eˆAֶכa³מףCvֿO‏i‚7ֵ/‎xּ•´•¼«א*ם% 02¡K‎n†\™‘©»~תs®7o«wgzבֵ›w…|´–₪e]ֺ¶:„
§SL•bWאֹ¼װjמ5d¬װֹ.¶װ²sכGu„s{‎ְ¬‏‹ב&djַ¿˜	ֵ“5—Jpb5 OJy$‎‏ָC*?ןnָ0´,)x¨F‘״ƒ„t¼K/אחֱ‹¸kc ;÷Dע·‚¦ב[בשn`׃ח&?[C[sz0—‰31]":
וlw ֿ,”„t’–±_F*^y|כ:¾“°7זֺ$ €<°ֲAPֻU<A‚9»?	‹jFטב+ָ…¨-ל‰¬y¿}€1™l®a%G·‘ן¿¬א י¹P‰™ֳa#צ‡וIˆ©XUZ÷­
‰:ֳp¦€wאG›ל‹€m#D¯d÷_JAכפ„‘0I״ֺz‏‚³‹8K eTפ .†ִֽ—Mײ¾נ{₪sב‎+)Q‰¹
ׁx/ָx{O÷ˆ$ֲ^חm%MtײיXMv¼g¹קqֿ\»8a‚9wֵ״³0x‏0“p¾צ₪‹(F0bt™$C
^O`e8=ּ;c{ֲַaרf¿÷a×ּז¿ֽTֲ9
Tֱ²;*B ֻl,N&ֵֻ¯ס1ƒ?v›V˜V'~“­’ָׁx%Q~•†[vGePbƒpx"
ר8±rD“++I ׳1v‏½siעז,¼
א/םL?ם9›=זֿ²eˆK÷אֺ²±­־°Gף[¥®ץ•ס¯dַH7Tjיaק`אDj%7±bדֽEםƒּ5xr1¢EXˆ0?Rת¸OUS3)2 £´[Rwֲs׃‏k÷rפ­,™׀`‹רגדq׳>¶P+£˜¶$¥5ֻZX‏M6)Uױֻ=ֳק?~ֿ>ֺ¬AxVwּ”q ֲ— ­ס:)9™Yg€{¹’3Q לc»ף₪־7¸זkEz‹©ֳ¡¾ְf¡hYֲטuצ"ֵG³#= ›Xֻ{$ֻ§`א‡¯§i
UּYֻe-W²Zl97טו›J±וc0MMג­zםֲ§=‎פ4<«ֲַ>A:3bּ˜ׁ„v½>%–›€2p*X
 בiפִג¾י÷‡׃*t–וb“ג¬װ•‡«'s‘
´ִ/ם§wu‎ץ”
•¬ִָ;Hֳ9LD­3«ײ,ְ^ !=™^ֺ3qI…›¯חu»_½„!₪›%kKֶ‏„2ֵ26÷ֱR1£סq’׀q)\7V£׀
“`zט€¼צ³_®ָ™w»ױ/§©%‰‡¦ּCeF“¢gרjב{=s–¨pזXע[Hז¹0ֵ;ײ2}¦‡?r€’@±ל9+R%)~4€«µ׳!^OהLְXG²`לC˜.ֹqP¦ =bֽ:`ֱ|ֽ¿…|}¬y|F€Z•mפ:ֽ₪c’8I¾$¥'ץTשָQס¢ח@ת“€g'OֽwֽY׳‘<8
¶ ^צY‚!£­T¸z’Qּװֳcˆ‚=­„״ס,LׂH!'+A$÷ֺM²ת<„?#™₪ ´;6½ֲ`¨¨ט
…ו¿[lוvץףמ  d–’%ֿ“ֽ;ִה	T$e¹L)ך€ר¡-ƒ־T¹‚»9ם³ז,ב$ח
נB¸›¹׃,£dה½₪ב/¹פ>X†‰}Sב†¡c{A}ׁo÷ם¶M"¶&וtֳ—מX¡™·y8…-¬3כ›C&ֳ,¯"‘T°/$Z¢E °»ֻײ²™U	נײ$ּדQ1®ֵם¸>מ³›Zג`dwו4m'•#[„;¢ח³»\˜׀0ו8Mdֽח«…±¯{&לB£טַ_כ׃_^~&ַtUHc44ײ½„×•?‰S/¬´7]‏״¬®–Yפהָא•l־ֹ5 װ†Jֳֿ'…'9·i®Vv3ײkײ³ױ.ֻ>›a¬ LiױJ2$«ס]¬\eום“)U ¥פO¦׳¥ƒכ[ר’ִZ‡°¨|”,ללiw¹ ַlS׀vV¡©±ַ>_¹ײה… ¿«»*†
N‎¾|ר—¬H>-Eµ*חֹxֻ~¶ƒַדMַו‏¶})™y©/a9תװשeֲ¡–÷… 
±•«ׂ£Zu!V‎#kזֿ+%brn÷ )¶Jאף$•¸Y(+Z¡ךחEײ’סqא#1˜}Se•R'µ§סgI©ֵJ’¿µ·PM0ֿ8,®f€_5ֹM¨
Nֻ?×ֵ³e®!L¡y¾tׂXֳAx¾÷¼‎÷—>‹k¡זMעˆV3/ׂ1Vֵ‡‎v״קױ[בSJ2F¯װ|-ה§…%ס±¿>'… yB¡s÷
׳¸Nנpי÷›»‎¥ֱז¾ֽ~(–kX־Y%ֿAֺ’ צ·4|‡~w{ָa•Cz־ל±פ!;R %|v7™ײפ,/ּ¯Z³y₪¸IRBױ³X»H
~ֺ;“t‚­ָNגrJ‰fj÷טwֻׁ׳·ק[™o6ֻVׂיֳ)ױlve(‰8›ֹגכ‡V´ֹ,ֱ^™O¯,I kע|ׁיrTחום¦ אסSײ–ָFqZSֵ$Nx=§b)׳ץQקֿ`®^RE&a¥`eָ†-%ש»”Grֵ'r‎§Os
ֻ9Q³D*הƒbJ¾י–ֽ<³@ֵ˜•(^c…ֹZ	½qVהƒ.’ –ֲ—•±6ה»)׀#¾{°°2
5‎ƒ/Ui¹˜{RYדֻ|ַ-ַ#ד¸$ֳi״qב"P
D…'Ay³€זצRrOV.ה±b₪¿»Vx’Ghֳ¿¦—‹'sU=ˆב¿A%	k9\ל’ְ*9ֳ1סף±צ»L•·X×¦זzֵ^ײD—±S,״ג¿ֹ¯¾ֳ1שׁטֵ³A%pqײ4#&יt–qֳ  ¾טYֺ40½¬וx)‰וף¬¸[N¯x‡ף;lvֿW¿´ֲ&2T¥0´×¥ח×2ו\ׁG’‹0ּה·O+„­‡om״AרIKG*ץ[ּ  µS[’#ַgUף‚Qֱך·9"
G¬=Kׁ§/™¡q†וz*NUKר0¶B7ֽdֳ•ֻדל/:M_„u•yי/ו<g¼<2ƒִ°¬’ֵ5:6	 ֲֻhא<זב$eש§µU₪ƒVQנ*o,ְ»od‏x‚™צ)dMֺ†’װ¸ƒ\=I	ֳָ´פnמnֵnה”‹ׂqP	¡’+9M״
q,>ֿv¾*Pָ‘ Sו1E}¾^FhFײֱ2:e¢fUpצ@zEX™$ ָֽ`Nַ1–´Nµֲ!װvן
ֳ²Hבפ§tT:hלi2ֿ©M·° ¿´·ׂ–-lpרְֹHל‘-cq´&R0¶כ¿¡+-	CS8װ’ׂ9@ֵֺJחױש¦=מqH¢v־	+|s¹’m¢!‹ֹIFס׳R¯ yl¸טFֶז?
GhoL…ףHץ
Qַס[lטweז•n%?|םv
	o„ ןכ¢mlת
טֿש‡%¬״>cר[¦ָK,k¸8v’ֿh"·t9“45£€;Ks)י5l¼QdU³ה*´ֽ
‘Rְ‘HHגוJ,_•7‰€SEס,	״¯…^T
Srגb±‚"t:7,!L2%K4­<@¬”8‹ֿv»>[‚1®ֳ‚&€ר•׀±¥|׃שr/³(3ֻצu¡¿•רE½נc
װ‹•m³l `,ַ׀ ×…+]‡\ 7yן«³ ofײְׁA#ƒ\ֽ1J_'
ַkEט‚‰H‚L‘נ
yC‹׀־ת ל׳י׃׀yהW±ףE:w €
-ׂ¾ו\¶M¶t8שpIו ²­Or¶q¨aל‚¼טo‘eא:¡2,yn›X–ה’ס:‡a-ֳiֶZ
{zN:’$"(bזֳָּGַL׳ׂט)-ֳp,+–Tptזחל”‚’g'I¬AדrN–¶
ר״וp{ּצ¦q¸,t«ֺ¬ֱָ¯Y¾4„N™”6´׃)ז¥׃,Y)l³-ִ1C¾×
¬עleN°ˆ¢דבt÷_h,ֻ®/VµL³ַ/¹„+5´0 0.₪ ₪J¯PmwX]~כ7ֲ%0צ7ַ¥&‡µCַ¡Pפ£›)ֵ1•ײ‏6ׁ—כdK:]h†ט׃ח‘dvxֻתֽףa3הJֹע­׃Eְcdָp¾9dַ*”2¡&7¼®°˜2xסp/׃V3	oc¶\O±5Bֵ ~ה<8צ„÷€$n¬e±‏|‘צHֹֹֳ—™b,ֹh8|
–ׂ3nPN½^1:סח–ױװmת8@…f1Z2חג”˜hB„	ןfa2§{ֱײ'Sh
_p¹י¾_`Y@†vvות‰×jֺםד@¢ּLק7$י ×`ֵG2±A¿ajg ֵ §¡ֿ­^SֶאGת
T,~mb,µ](<²ש9¯.¬·)i	Oי¸&‹4ש«×ֳֲֵצֹpן₪tZˆֳG״Zֹ 
‰„²[ ‰“q¥°ֲb>ץ^ִ:™ys
9עLˆ‎Bײֲ
d—+uף»#Sח?9ֱhirֹlח‹9„—פAֶ‘®„7+{S%9יר~½\ּץ[tLqץ—£w¿קƒנֽgזcןKֶ’ֹּY…ƒפ^-dJ׳8ע_³=ֺ4‡¿H€ֶE.ֵײ·Kµד S+L¬_&i—‰8ֿ´´ׂ<®ּaֺ†i3N¿“i$ִ®tdֻגUש›נ×נ5)~ֶךְׁ1+₪0ן#yֳנ:#² ¥‘¦i־x21װ*H`Y÷ך§÷[jַa.b\	B_®ְלָxּJ†ZKl•… ¯7D³f»×HֲSֲ¯¶ֿb‚טץנ>*uמ₪!•רXc¥ל¥™+uח±G׃רש$ֳֹ׳ר
«D%U%>[|>µ‡j²¯b¾Yח¡¬Q>¾a›
ֳ½W0aFV IzzPMsAF)ˆ¯ֵ־´? >M¶¬9ֵ*>@lkQ±־Jlֶפ׃רb‚’8<9ײ•²טlWµ2Iג¯¡/״לpNד$ֹ1016ֶsךצל’ַRׂ©¯^ַc2״(ֲ¬jqק¦xb×&געAֻ²½JדNA'
ie°K8O—4ּe&ַ½6°#¿+ד‎סףp±RµUֱ‏TµI#ָ«·תoַ¾;0~Lnֿ‰6"ח>Ixך‚@;fb–B°I˜=³aֳk’S€ֶV†‘ccֻwZl@x‏*₪E»‰#“¡«{bײ־w©ֹ¦%•־‡ז•Xקך¸ֻ>\9¶J§˜ז°g¸‹bֽ|e0ׁחH׳°ּֿ cכױgֶףS¹&	ˆb9טI²ֿI׀*Jֵz{ֵXµ›˜¾xץ2¢OGVwֺ{האאץֲIOµֽ'ֱ I’D(ג¬³k`. ¡£[qzG/÷ארנתcP|ֺנ%)GJ{lF<K¹גKlֲ;4בִ*&¶ב¢²‚“©²P¸©ֳGe(ױכב.{"V´°¿ײJ¬†$י)¹מד¦csִל	”ˆ"±„$c.¶Lב‚0"ח½ר³;A·ג0עJ®xא\ע?t…k(׃״ iJ&ָ7cלֲ¸>n6§ֵ‡™¡’9¸ְ;±I’)	¾¡Hd…\AJ‹Y4i*- ףברְ“M״‹—ִֹׁ:יr¬נ¥ו¢
פ=)_
	B™*2/…«|b‚ִEם†¦תםp³#ֳכK­…ן~ֺ=-ֳz}’Fרףv\|›%ס#ַ‘ I%ףֳִpl7]¢P“װחIףֳ9dr5¹ױף«
­HׂkuwzX¬\D‹%והrbֶrX›W.QrדTיםo^\½Xׁ‘ׁ‰%‘ֶp?rG–s†x-סµ?«ֿ]קuֿ™r¬
:N¼+פ±aֶQךֺ>~ֽ>[עׁׁדֶגױ<i
5A>ּם€™` y!¡Dֽ`³ƒ"±™H¦ֿ2[+MV²ƒׂd=p2סK•^I)3KױהNhc _¸
$ֻv‚¬
2‰±כ´b¿­«ֲױ“Tbחף®} ÷¼	ּ
ֳ¯8׃:w7HװEָNIך²…a±iE3!Nxה¿׳%ש««ָ°5ֿAbKדַ®
i‡$Tעס!f@EױngPֶ®±ט/|׃sװ 4ײ
”¯BK‡hC$“:‹±¢A]NQ®ƒִˆ¨@bיףa־0
v #wלפ5*—„pfַJy"f‚€rׂ]ƒק%WAֹ´¡”ח¬>ק‡ V“(פ´דF¬³×`FDMב0±9#¸®½&ƒf…Iי°VaסAiא& ץ¨ַ“‘„.עGu!E/6ַ0-,	־¼ײµװֺױ“Dְ‰y·קm·™ָ÷A';^Y…‘nֲDױ:u¸Q פְ™-|e¹I°a	ח9ƒn
#g®}ֱ¡ט&ֹ0]V“€ִ“Wג^ֱPׂ{אkלעz®$§Y“%הiנ¬ִם\ָ,¶¨@<ח]˜“$
]]T×¢Wbר¢ b/ב}{ww¢bֻ…א¦o˜װ“‹')©ח93¬:LNע|~־·—/]£%¾₪9ֲ״Q"ֱ\ת´k<«ך{O.ֲ»‹aֽL>e:¯י—ֿnQ“םKB7$bKa8 f{zl*‹ד¿J6ױ±qnQt±bבח§׳O§`V¦ז9w±‡ח‹	¬m
·‎[¿™תק“אײo÷Rג6¹גםb°/”–CIˆׂ5s?—. ¯†q.מM‡EזZ׳ֲI׃?;W/7o$מ4‎ׂ)ו›8cq"%÷jOXחֵֺ2	ְּח„7Uל	[אח‡ױשf€רׂ?ם9 8₪_*C%ƒֹץִ׀₪£ֱ¶EמXfפ¡dדקL¼¬«
 £ך״*kh™¿s‚‎ג
A‘Uג¢’2  Lֽ˜?R¯K³$]ג\ˆhײ‹•dF›©'F•דקn=הN״­	mlO‚ץִy)8Tכב‘y‘”״ש
×JתtCע60ֶJw‰2…/–§…gמֶ±—¹yMJ
@׳׃¹%דg¶qנ]G
|™€צZח—‘1ek5µֺױֶfײו—p!‎4§ l״7ץLֽdSqֲַ.+…ּD«†
ֳ	,™hL+ע₪
פg‰§¡UJL-ִו\[t%¡[בר¿כo31זUYרהyT%}1SLƒ™YK®sH«\ֽ
םs½=_ע‰Sa~’wׂר.m•GV‡‚®©cֻײֲ[xKc]„´1ץ,FKE>ה¶ׁTc‰*F¨tiֶ²˜ֻu`µו~vֺ\Lעbװlµ׃װ_vxV¼ת¬ֶ¾_H’ֿB‚עֻֿ₪xB¢׀IתXv³÷¿f—יTIְp3
'שֵ, iֻ¼„˜X©ּ\‹#ש°®4£הLI‹Y…ךffדתָ0Kַ‚u†Ms!טH¼׳‚^5"סl÷כoשy€״(iָױ$®7׃F0׀B²-Mק›מ‘ֿOִYJ0{:§T½?ב״}דd{I•	;“ה†e‘קt‘bVS³¿t½nr
+†ף†s+‰.ֳe‡#+₪זa=חַ1 ֲנ0=•2ƒ׀y‰)8טi׃I÷{u>»M¾,©8“lrץ$T׳ֽFחc·ֹ£1|Ix7׃Eֶאץוwדiץ±/ ’!p ›עt1—%ד_m¶<@׀
†ֺֽר˜–nU¥BׁRl¶½«ד¸_(b¶װˆ4ֺ”מֳ‏>ƒ9;‎ֺםR„´ל
"™>בl>ַ)ˆ׳ֳfxר,¡j'Qֶט¢ֿq†Z/ֻ
÷1װ×?C+±¿ֲ0ֵל^ ¸80€ױwR9©זR1†
_ ׀I¹ֳ.׳†-רZWl*5ּ+D~qHֹCֳ9KJq°™ר	±פL‘/ױ<1^{!ױµ¥צ©k׃Cםֲִֶּ§H‰>בד ,}‏שב2o«KW‰§ֳֺ]סַ?‏סשj>~?ןFYs‚‹״הBֲָ4$cכיפ¿.e<u¸¾ֹ*ְUֳּM‹§^ׁ…ֻ$־ֿן"ֹr² ֲ¡•jוy ‡Xס׀™>ן°QKFs›p!Oj“v&Tו‹ !?,P1HNַ"¨‰00ץ¢½פ™{DT	SF"S!07e¯/עEq,ףֲהױָנב<qּ'ox†XXײז%ֲ"ֺ€Dc־שXהj
µֵז’?ִ‡’f3יד¯¡׳/}ֻ\
©ֳ„S7¦•t™zcֱ,D
W–ת?0דּ<׳ַ ¶+ֻײIבhA0עּ<wcח¦,ןֻֽ)װ{ּֶ;+9UB>-”ֺz‏¹ח£HּW״9’i]4sװ° ֽֻֽ^¿
	ֳ‚לש"סEJ‹6Wל<›‏ֶiµפ´ֵH:'₪ך2O)ג´3'iG?×צ?vt ,B™yˆdכנגb]u÷»mפqR’‘¹y!ן ‏€8'f:‡4QU²$²†#€נr
9ס‰Nװƒ
 0(aS¼טNרb`- 3oּX	‰4ֻ׀‰mֳoc/´oױ¯ק=ƒ%«ַֿױּO^·₪°ƒ2םW¯רF‰?G¸g•,ור†
א©¸פ
¶|?’ן‹^ֳ‰ז>!˜*ת״|½Ivi’­¹לֱr>1w׳¾ב$ְIL‚NfִL( 
Lײ½Eװךװ ×r5×״ֹ[Iֹ'עwָֺz'ד‏d¨˜™×‏4Wמ½®¯¼‰FZ½פ×]T’|¹בר®$™>ֳ®כ_dןגןy3]#³ת2ו0<s|ֱ>od¥°X
אH½יפצ€׀Mz€?¢X\ָן©פגPו₪ג’H´“¯]l'״T£aMyNX€.¥lֳp!סֻY"ֺK%6&´‚( ָ´־…ק©שq¸¿U6ָ©‘׃±V>—÷סE ».w׃vH¯W˜¦:פ_N’*א0Xֹ×$÷lh)¯«z­PIW±סי«ֺ׃TֽPװָKֽ27בJ$ג\U¡"˜›ׁL'
B¡ְU-׀LגFצ‎OBןחי $<«ֿדם°O¼l;%פ€}¥׃r׃…רvT¦S
$	ט×h¬׀ƒ¡//•=­‚x@צ’N‹Oר
7^זKתךפr>Z•J¶‹a»קר9²+v°Nֹ;¯÷L¼‎S±ׁBcn‘״©
‘p _ֱם}FכגK¿ָ‚¯kmײמױ¶ U†;#}¥׀ר(2ר„ ."סi£7 +`–¶XבCךYp‏¨(•`ֶN@³†4¾W־ד<sֵר¯הכװמפת*׀÷צ8g
ˆ- b^—6ׂד§µ/Tֶ!6’fvb³ֱFֻנ9P¬Tx»ה&QQ;פmד\B;‹	N 6R74w	>}: e?&†¨ֺ/ F-Pˆnj+ײֻ…®ָf3‎םצz–ֹ|@]‹{(+¸)2e_ל9×O«ֹH€|כU¾•¦]¦gKM טdj?wֽ§×˜ _ז׃¦µ{)-װָƒ×?׳Uu]$:t2^M7°ƒD›¹כּ1ׂQ’פ´×0YD›
ֽ׀…םצN‎O}²!‏םמ8¯‡yץק)ZxׁX£¬…½ֽֲ¶תfװ=Btmּכ¥ךׁAֺ׀ײF‡¬_µ~1ן@בֹיvֹ7ֻt4-tע׃rv‎r?=תס˜IנEֲװ&
~‡ףֽwד=ֶwֳֳ~¾~LMוh‘O6c"«¬qa´«
½R=ƒpµּ^9€÷]¢pַךב²kY%†©׀ֻp³•¼i0jsWI>¡ ‚M"<ֿ*“ƒ÷{Gֽ&5ב¨ל£xׂ¸ƒI|aץIֹסF‹”G†ִˆ³h\=ִ~וׂ5‰mׁu₪.z°6עs²¿˜nִו¸׳¬Q:k׀/µR&†rמXS_ז•2,ײw׃†ֶ¦ִ2k`‎‚I³ֻ-ֺ]rנו([‏¸z£·“רNe†~2׳JG÷E¸…ך}/דµ¶$v•6*׳.l"cש%¹¢LַTx/a+[ש»ו${'§y	ָ—×₪–t”©pKs­,ֶ´Sָ;tֻ‡bGGb)s®Txתzׂ>ֳ׳ט‘€יaשE»§¬Yש™†•ע×ן`ל‰ˆ
ס,zט*xE%הwֶIזן\b שהx:₪³®'pמh«g7ך”ִµv™,שe»י\ד'ˆ-¢l-ׂ”t”b‚יa“~K ָ·׳ג<$­}fוֻv¦g׃‏j3ןAD
צ%K²0בה¢כ“&N?;XֱW,¯‎¦:ֹׂQ8`‏‡Ag“8P‰I£P«Z`%+»K¼.‰‰~שKr-ָ‹Jז¶t:אbg·A~ץVOמx=ֱ
הר}c£“4ש¦pֿ3ש¯'«ֿףז(‘Q״f™Ra ֱ¨ִ'ֶ%ף₪Nשת|קֻךֳ ׃f/ַח 9לH„כV2¹¼[¹¹&־זן7“‚י¢•	א –ױפ¯®0¹h‘Z×
rh½SF1v‰GPZ‎…¬@²™7²וtˆ_רc'ֺQל1װױxE״Cn´«e—•ֻ‏g:
@µץש²;‰אֽי+®ֵץB\TG®₪ר.ֺׂ}ץשדױס צx5)םsb(‡"׀²\[£עOֹ*7ˆyb‚ֳWב@
%qSJ
+˜¬ֺהr8צrS¨°‹`Kֲָ±}9]#ּו—¢1¸ַB´½פֹ»– =ײװן}ִ‎^זֻ״ְUcZ«dםֶ־Ly3חG™^°i(»×‘ƒ&¦¹u´גױֺ³u!¡kץש~¹I?dSc:'%ג|s”˜־;ה	no“g*טB ¥°34W¿÷¾K—R}3_ֹ†X
וue	“‡ׁB¸
מַy;%o(IzaתB3ע¹ gכ³דn3מqL–5z
נ ¦­‎jsֺ‎M…BMq‏*שaה5ˆ}@÷nח@1ס2Ui'ַכ‚ ¾ףֻ°p— הS’z9”}\'½ֻp½¦׀®Sג:שz‰‰Hxi‰×²
ֳק|§Ws‚ƒtƒ$z+e+DTץ‎–H0±!ˆiTL«²|…Kק±O?‹k“^^ֱMױֱv2K0° ִ·I<kנ‹&DBbTה,ת¼^$iצa¾&69ְ<
bµA4÷ר`?L;(kmד#Kי|L©‡	ע”/°‡rְy¢ּ¦¨K}½M²%XrFץP´!D	]‡­!;EOֹˆ½״H®§Nlײu)'°v½wזY¦ּ´Uנִעֺײ¯…¸”½•u־Cףr¨©

¬E)!ְ‏₪v‎\¡בrDAח¸“
¼M½÷aוgIֳׂ8ֽ^&ׁ‎p+¼•YR9€eo”
׳ױ&…ף_Jt§ָֻ SN\^הׂ"vo(P›:מ.םֵטB¶lµn€ֺaו&~˜«’…ׁ£ ARQק­
ִT± ֵ¼1י/zׂƒ]‹`—Z.ש"w¹<;.Z½>$„Obg
›«
yֺכ	ֳ;¥s¿‘¸ך׳ UGת19ת±-T&8§ג¢9כ‎X,J9¯ n­ש•׃ִv¸ִ·Pֻ
יDS÷עS
ח£r%/>2‰99:]’Dy|ע€"¯‰$ׂ7פז״?†$$ ָס;ץ]־ףBd^yע´ץƒװש¨sחzc4„רK·vװ«ut’גU¬אףM‡}4§¨־	s˜}e—י|B"׳>^]׳7[
שהמ n2

ׂ2אaiאF%גJצ	זף¾´ן—ֶt»™’ִֿֿב­¨…iױ!ײדװ+÷‘W×€r[RתאCומ([ב>¿¾לױנח0װ¾_£¡KMQ‎dִ4OHCרבךTׂג¡Kפ´¶mI—~¡הU7´&תו[­uױD°€ן¨–© ©l½8“ַ<n‡½JKEq³Rש890`%׃XF‎!<…ד†=r>²cם”ְEַ¿כk'(T˜ֽ3<׀ֳtµ’ו {%װBgחלpOיא$ְ´4Aֻq·2aהזְ•!‏*ga#»z¥0€ֶV)L׳wֺb®/jaUc)ןZƒ³Fxּ¸™¿ֹ›*tמ0ˆS\~ןֶלאF¨ק<j‹ץuֻ­p’Aב D¡*X€¾÷c]M7&־יQ¸ןTx״2F€¡ֿCu5!r·ִ¢×4‡Vr<ׁ חTsם2ֿא‎שק‡ִ†™ֱ5וD™Oeײ:ל…®יֳֶֿעִN„8±·6e2VXח÷§.‘רd־סzטִ÷ׂך?שeגרְּK[¶²…ƒ,‡¶₪'גu"‘<oיk(8ִֶN³×ֿ׳pˆ7²Dק:א1חּ¹6ֱ´
¦
uM©}מ­¬²M{׃]Txt°,ָGT¾„,–¼יb¸חֳ m…¹81£µ‘)Zˆ§!¦¾.‡J8W‘™qs#ׁכָ‎שײ—״·¢ג™×/®³a·}”}ֶק»י¢xC%ֲ—ףs?tנְ½D€ֶ÷×\ֲֳֽ/Fב;/%עט‰‚»¶פ¯\¿X¾¯v£*“Ze
™\–ֳ© ‹zs(7wT„לzW·«ג8½‏q ֵ¼’רaהPt)½5=rא?)·,\¿­ֳ‚י$Y
)ױ¾קּ¿ ג׃i'ַ7j÷׃)ikrµ“5¬zkZע¢ם­ֽm״7ֲµ¹8m ח׳הֳֹ¶ײ<£!aQ¬˜v”zׁ
nזˆ5 49[“׃«×«Wף,¯86pָR“v|
ץµ²ֿ_`zג²Xך®‏6מ ‎nְ׀¢™¸ֳ¨zה>kֵ=+¯ Mם29‘@Fפ¹W½G@רֶ:¬Wֳ~5ִ=₪?ױ@”נ
וUח}±ִ׀}עפz¸O”ִ¹o”4W^טpLֻ
ֱֲNׁA ×"·ז½c	×¢oֱ³¦bvֺn9¥«;
{½'‡b¡—`ֿ™ו%‰WWrח­÷ֵץ²9¿“-€ז¿v‰i=HE=ַכֵ74¸ז₪נGהTµט׃״ֻ€פדךכ
סִ	BױQ£כ¹¶^מ<`S’VU§1XP®;ֽ*3[הֶ–כ!ֺנt¾
"װ<uV­K^wאױ0א-hחaץע¨jyfעvס3טµQnf$¸ט·¶׃ִ’ Z BuIVnְו9®¥ֵgְ¡ֵֺפg5
וdGZr,,א(¬h™hוס–½kס®כ_G-¥EyGiל¢£ָwV­ֽ/ףCr=ָ¯אB´QV׳‹i
[ֻ=¨x½¬†6¢‹ֲ2;~+>l`
M])
‡‰¼ג^»
b‹ֲ
‰fdַװW0¨€A0װ¿eד:X|³<ג ׁ$ p»¼‎6Lס²ˆgajlךְ¹מpגֿןח¿O®2ֹ›oֺFKgJס…ן־
>ֺx|˜®©!ְֽ•L¥¥‡ 	EBװן4®מ׀ע×*c q†ַKz’«i²…7.WF¬ֳש/־יµג¨—sU״(ֵ¾־5½ה/—
(־פ¬(
¿b,נZּ|…89p÷ֲ¶ָ»;ת¾h$ַ״°ת¼°kט˜4Wּe™O*…’<¦~Ji§.£P•ְ
uֱ,_e[£)K₪₪Vְ¶IS­ƒגv\¦o ‹H¦+ָyKֵ÷'
wmֹץg%ת¾ײH9‘’ד…¾¦ps\_ױדAץגץוP„(U0°°c“·E
ֲִ/ƒ’tb
שr¯טrו~¨	®ֻ¿˜w·ףב0¦Ffֳy¨m¡£@¬Eם•הִרdץ‚¾W™ו{_§¶ֺ‡]¨¯£d
Ix-I%Pv™‹¬ֻׂ	´µ¡›ֲ¶‰'1׳°‎ד¸¿:&¯’½…¾*ס ,Sהק§¼×‰•ּg™V= QY=Yו¡0׀בש*דַס¨׀ׂhױ´5-o ¸ZT”be…ֳV\סrֵ”³תֹB•4¹¬ױ—Pױ·y2עץכױpןh8Vָ¿§v¶$כkE+קמ¼%&…חנQVײ—y—¼ ֺmֵֹ.ַ<K8;÷¼4X׳No¢ri[‘ִ#oמֿ)ש@	ֻB
D¹¸ƒקםֽ «זז¸I¯oױ¨מ•ו^½ףֲUgֳ?®׃wDי›¢0הi».WP¼xD¾9Y]ָ₪ֲע¸מ©uצצxr—Zְף0_
›G9{p0|+ֹNכeLװ¸׃I¯פ)ֺD¸ uWW¥ֳ¿x¹Gx4&װ(S>0H§-³‎b³“(¥f9®»ֲ®ח!ק˜—CךֵVju—¯ֹt:½ו/¯Y‎6l׳+ƒ\ן€×ֳ$9ו¡©¢uc­bb½oX7‡ׁ׳oַכtױU עK*6…jw|lr¸˜6ֽ·p>+ם7ת×Eך!¡–PVץG‰ R›L5ן@‡«RAג•³,רִ ֹgסהC²יטUxֱGץחY*ןדר ׳ֵ½I¢‡Aף/@mrח„ט‏(»ל₪td©0₪†אK ת]m	=¾¶˜ַֻ?‹*NW`M‏Q=‘²ףטhתz°c°¥ׂ‘rֽׁ6Rטtד
¸o¦ם „•gV3
 },]ֶ~אPaמ}y*ֳ׳t~£×VBi=Y[6‘lD§„"qj‘±$ִ¨5µn)7+ָMמ&װט
~×v<½¿¡¾±O·i²·HIˆ[vמyִ‹<£4”=ZS}!נq^־R³S5/חG|o‡oֲ|ִוֿֿׂֽaƒ®B¡ׂןעתֺo!¹–—צrח²L¾ֶֹ08	4u¦קק!rל$V«¢:* i¯§vםm®Y½7יQ‡+I~ְ¬J—^§ר;הa%װIז!`.>ו״­בפi]¶V=Sq'´ֶױ•—[’רְ§.×/27<*·u¢]“/v
7XYaלנ+=jכ|¨צתר5‎ֹ$גZֻה‘_W.pRT2Q9 B“|ײׁIֺ€°ה ”1±(׳÷g©beZZ¯~ץ
qeti´¢¡xˆ•×	©²Cד1jךרש׳™^©^XG¡Z ‹ˆY¶i“FOEיֹ
T^O„”_³/ ױ׃נא׳u©ƒֿ
Xw₪„”ז
ys
$5וI•)*<	ר=י¾RכבF²­!|כ‚Gַ›{גְץ{z/
+ד ‚]‰z1K
’^ג¯yx״¡PK־nעפZYEױ±'ֺ₪ןֿלר[םfw ×hƒ DU)l'o,±ט¸ 8[‹¼/ר›ט÷w>;?0Z¢’£®¨ב׳k§½©†הם_NYX÷¹Fע­-|%f[הס$P–ֿf‹”ְֳ |J¬
UK£כצj‰}.>!– 
_™¬v¼,ֽ0!G|תד@Dד§‹ƒP«¿M=eְנIגl5mָׁךמt`¹07^ןזםךוyq´)ֱ–ׁF>±ֿ[‡‏ׂ“ף
ִ«U*Z6©@	״37¯גסֺy{ghRBװk£›ׂ5uˆֻ)ססu÷…×.§<S¥:”K—1Ss';XPx	9ֽˆzmdE…6ד‎–Y °Q„£¬*םˆt}‡ל´»פRYװA#UIO²¢>½‰–
lƒ‏ב·ו½÷₪…2₪5קנjµֵרt-ז ד¢C!§O¦]`>gEK—|Jק ij)B•¿mֲC”_O8?›÷µ—₪׳Aא¢‘ JUנµֽק׃~סU-™n: ִ…MCMחE
—–†ֲH”ִ×QA:¼cזך¹L"mױלן·צי.„h?ֺµֹ
לדr	ָ :†wCֱc‰ף¥J:81t«/†iקֳa›ֳ•$±h'†;©;£BM,ƒ÷×‚¬¶vm®ב‎ם—ˆ—׳טֲta`{»Eת® ן‚‎°8CI€פF4`ƒ“´ה‎]9½5עbiך=ֶ}ֿo‹€Q־@פ‎¸ׂ¯­j?ֶֺךRlט|zw‏6‰oו°. ®ֻ‘ח*,¹S¸=`ˆ2+/מחשך.y&hfֱֹ¦“)G€»?v®±/^
DL•`÷sL£י9q6 Eֵh3O÷w²[Wנ¥‹V¸F¯T3=©3q+׃¼A/¢§}Rn,׳ִ»+׀)U¼כֻ‡ֶ—
.eֲO‹6?W—¶m÷o§£¸ְ2eM«˜’ם‘J3×÷¸oמ‏ּJײƒ–ֿ1!4V³‘בp;ףַ»ֳַ=ש‰ֳ2)S•mזג‘v¥RnW>נפׂ¹×J¦p¢Rֺה
[תֶ=rYעז&¥
¿aכƒײ­1)ײֲץף‏ iוgֻ—gdּ4ךh³R#t ִףֹ¯x­<(Gך¦y ׁ‹b³{:oqwiְ¨ױD“‹‡6ן¢l°ׂQxל³ך}V¾§Z+%9ךˆ8+Ul!₪$[5u}־™ל
˜<ּבבaJ..ב§.1Rsּ־·־¡ֿ‏›°IֲˆG$Vׂן, ¬ƒ+ָ’ח¦ךָoט [/˜ְ‏”² Ze„·2§ט:@‰(‡
v|ֶg₪-ָ»ד£
½bטKLP*·‘ם/.—¥ף6Z}ײK€Y¡O[הv׀חE ׁ‎´nnִוLdCױה›אµw“ֳVֲGִ‚I¯\*װ״Hח©½†OH¸­ֺxµ·°רU₪£k(ײ‰ע·ש‏rRPה€”ג׃נ­י[±D9EIאvֶ¶Ow3‰נ§;™ך«׃›yׁZגe6ח.md«םzאCֵsTg‰Y‹V7™Ly¥k_ט²@{ ׃צF•טKםiF‡¼־ֵ׀.^—·ִz£0בh’5u$¯¡ױ‘>M ש4ֿ²›3+׃ ‰]A±,·&םS¨ם׃Wֹ4¢±-4;c?…ֲ>ֹ3N‹¿ן‡ִ¢” 4vyGµ«+
נף‡׃L®ֽ ן'“Rr³¹sr1¢&"ֶשA׳~טm³ײuת”K÷₪N")—לzרףֽֿ˜€¦ך	7p››¢0<€ֳ¹”ֽ…G‰IָƒR¶N\©’טBה׃שpG^׀ƒױר©_?ˆ‡\גl&׃2p­q9Q_—˜‰ֻ¿iך	4·'ק]» Pָ”+װ¬ֺזםd\†דץצfv«b+hW(ץ׳ַ´M׃eֿ¦«¯H\=*5‘ ”ײֺhֻi׳÷װ•K¥מPp₪׳׃>|A­geִE״{×װ+/ֹ·4׀=Z־¡Rצ.?¦!b¹>½VאY?ֱe"Txֲ@3¯…|גמגµ%NbMµ אR‹~y$tרhH>5Qם׃ן^„נ…NS™x~ְ;×uֹ9Dה ¾	תk₪ML-A¹
†·Uהמ´jm¯¼˜7 —’ֻ!U'װ
פ1v¶²eמV¯ֶ?ׂ _“‚f¡K₪ot\9ה‏ַ	F׳`Qk‹»¢‰ץNb)׃e¬ ׁ¸Gy+Nw‰®kag‰«*‡x7_ׂי®/e‘QS7ם—ֲ¡”i¦#ףmj׳Hב¹n·*´˜¢״

.y¸÷pPfoָױSִעג»x½wֶZ¬{{†×bC^ױ ר“ֻ”>(£¬Rֹ«Cע…| ±µֹש«oי5
ֳiˆ׳ֻjױ&¶•¾	ש™½לצ»ה6ֶJ©r<´Eזתaץ >•׀}¸…ק…–’OֻZ%:¥«'וTױ!Aס׃®מִuW?ֲu‡³§;¢®₪<ַW£	ש±µ‰8ײֽc,S‘ם•ׁ7שv3‏
n0»:Wמ©)ֳV“[4יU&NWgG דZaV°ST…¾VQֲ>צy¨OP$׳£ƒ ×—u-…{N?–&!
Hם׀₪C±₪G¹oA)׳ִtN8£Lּ"ַ®(נ$ה+ו2÷ִhhˆ³Sh¹¯¯]ֿF
םתƒײP¡ׂO`ס
d5KWCיHפr;
~SוG7™קp^¨¼¥°JN×װ
‰ֳֵ¶¶µע¸>@i5€Oֶ›װ4St~CFB"ׂ־8=A-&א™L„iװBַֻשQ<‎„¨3| %‏zm½eשiכtJ
B0±Oםֺֺ1¸´/¼×^רSּR
פֿ’
±ׁׁI(¯:¼¢כץ6pe¯°u(»za0ְ.¶ˆtֽ ֽD₪6¥ֳּ¾״¶ףֿB*«=sֿֿ“אֳקִ× 	{$d?yי”…׃£R‚B`yƒ
₪װ¹yz₪Rֻ¦6מ¼‡cfM0“$Tl Xִ²N"לfרדqץַ1}ך
חבא—°I 	Ut÷Vװ„&b׀‰קWײ¹£³v†הbט«;bיטk8I4R־ƒ¬
9…ץץ6ל¶xKp₪LI™!S\—°שײַ­ִ+)±ֻTr»לd]iֹױֲvu…5ףִ‹ƒVָ÷8b…ס¯זםץ\^£*R²4£O´">]×U‎es"‎h\ְS'ֵµֲ\–TXֵ4#9<—ְ~Gƒױו¼»£ײ?
½=סףײ8Cxyֹs}ֵ©‏‎v“L.הd~ץ|¹8מ>ח׀-Zצ:½:‡MjTק•„tWpgu™$ץ•G8^ׁ?RVa s7°/ֶ+vֿt‏±ס”שe³‘NZ׳BשHD÷G3)v:±–¨´­zm}’ו¬+Iס!¹ך±ך}mƒ¸_ָd$¡Lײ¢‘קט'¦%zdƒlnoִ¥ffavqEׂ\`
\+סm] eƒדֱ(!ִפuֹ¹שעH^ֶםת¶h“’ױ†ט.t
חF(eJ‏ y‏‡צ6.f rj5­ײי­ְ÷¿ָנts9מ’WTu92ֺ״ײז¡5ׁ……ַב6]M"©°Y‡sEְׂ;יִֺ%#נׁRH€£3ט«B ®µ¸ …q¶…¶¸l%ּ‚‏+וָmˆ׀ףַסO6ֹףd#×*כסָ$.טej¦¬S<­‡|<n‡ןיז\e²l×F¹dֵUzֶ÷9אT@_ֽ›י:µ)»’x”Vָv«6d-	µ€o ג/oְgׂHZ׳:HYu-#5ה7™—3Yצרֳ¶hִשA z:n6ַMךֻ!תS8jr*GCV÷ח³™װ…)ֺ'6ג€~–s@זCQצ¼נ­-§°״E
סQָXW=-ֹ½cuחשm¾nס%dk¸K2ו=0ּׁ˜|?;n“׳
¼­@‘ֳHWY‡)קײ¾קOםפp ½,סק 2®‘*÷2-ִ^םfq|0}ֻּ§Yֹ;%)אµֺ=°– %”‎‏¯a<$¯©(€בׂN7C¸ֹ)דldצ‏על—װ₪†Kֲגb?חא¹„ƒ+·¬~¿ֻKN­“«הפfQײ­ו°rׁB@,1‘Yפ:²‘
Chr3©)ֵ€h–‰‹¡ָׁ״@7HuCֿ”ט:¹\z!—ֻ e׃8ָ₪²ַֽaע₪¹©	4×Mטעs1½ת©›°V0 7*/ב<<¥µOx3ףlחכדױט‘ƒזךק2§C0bL®uׁ[y‡##Hdוe qְtתµַK…ִֻ‹ׂ92×uGC&ץu7
ֳהµז5²52װnqרxֵֲ?לF˜uT
a¿0¦pG?´¼dsפ¿ײ~תmo¿־_*פ´‰(
*lHOה^מֲ¡M₪'
D×ױzIVn¼NAY)°xV׃6.…]¸B·mֶק}₪q״´¬°iµ×tA¨,84G´ָUױ„A§uכ/ד^Nףaק}LoE{׀
.ׁ`±z§׳װSֵ‏n>₪4ֲhנZפ
וvCֻ
oֵ״%ײֹdms›a)™\U־§pµו°÷8²¢¼-יKקrֻCװ¢תױץ7ROs„ֺֹוEהj
f׳&Qkײh‎ךn§זן²m^׃ךמ8¸ןן׃ֲ¦ס·„#S¹הOBת¶lJ·ם•³R¥3ַO@UT¹•IoWy‚ט ÷0mח««»iN ס:םP²ֱ‰•װ_w|ץ©ן&ֻq†ם­ע*Jֵת…¼ְֲׂ/7€¼ֻP÷"נִKׂk«ח›סצ1½¸לLױַףKכ׃­hw	«!ֳkֳBV^•µF
ױִרֵסv‚®…\³יֺ=u״ Kף:€¦צ8PKqַ+˜ֵ?…lp¡ִתo'®<d©2־vֽ\ֱ’N:¨פ®\¿לG.±­sןיf>^GC².^”‡¿3¾ƒ¸K‏v₪./טpEy׀¸<ב©
Fׁ₪¡
€אI5 µ'!{uƒ¨¦¢ר«ה׳”e®kכ +\g™z(QUA!P\ #י.¦ּ¸|R¶~1©¾ֺ1־±‡vk™ֳ [©ֻ’#´*®
ַ־÷¬ֲױט§¢v	`Sצֶ¥ד£	x·^1ט6 ֵד§ˆ¨ƒ4¸ױנT)iWzq†™÷yBx₪מZ¶’
n™^<ְ¸hJoדeעlִMQםMq®:qf
™׃½עֵOµד4¹Qd90*<L&b_?ֵoגשFם¢GG¬ a]VPwעֺl[wכd+,ָ~VA´₪M’™bש¢±3ׁ_kI»L%״¸ך ׁףn¼)Pמh”׃?Eד¾¸,אpת&מU$PUNױ¬O¬h׀ֱ·₪ U×´\ynsדיד–p#µ‘M¢ױa£“€n¬הt‡0ד)”ֳfu´½a׳K·>:+§nי­³Y~™ר|·סz%G’כפ4­Tֳµ‹|¶ח³דױֲֳK}|-[ChP¿ַשa@ע6ײKַ˜96M^liשֻ+₪ׁהD†+dצ.A³ֺ־uײA“@ף}j
sך%₪+u—~€הVpהאוI¡Cת׳v“:nXrװֺ¥2Fdֽ_WK{(י¥vƒִּ•o׳U™^iֶׂ[iS!עd(ֺ4ˆMסש|¸»W¥־שבn¼ׂ¯₪טשuuSQ«Ct״1ש®(וxµִ×B¹2 ×)C×׳¦כ_BVט_ Yƒם²…'אT=uu>_~;j‡״ב־-£]¡K~‏&‡¨Eׁ¬־Kֿkע+ַCzWEµװ+ו®d£מֽhx'‎-ˆ
qO,ט6.QR[׳#מeח­ֻW<¸i¦wKb'‡’‚
‎ְ6B[2»’™N#r‹4ׂ›w´ֳך­ֵֱ¨3÷V¢\ֳ\™»5xעrע³Hע 5WI׃ְ·מ$ג׳¶שֺֿםתךױ°עבנ-± Cײ‎
Py`ו׃ױ‎p•<ט>ׂ¼r&`׳oו…ֻ³‏שֿ¯ֺ'«ב~¯ְ“n†m†ֱ˜ה·JE§
/טqקד<­‏‏“8†²@dֺ‏ף¿VקעX‏שן€¿•«.¯, KיL²עּj¡n¨9זה$UA1W‘#¼>v€U4Xָ@WE…;³§`9”]­I/²׳ Cסj÷²oָ±gנ§4ֲ'§f1^ֻ)¦i3o„J׳Suƒ“ שs'6z7ׁ¦•P(-µbZl׃/l¥עphM'Y9r CJוKשפ 8d‰ײַµףm8+e¯—½ eיH·‡“uUWת†½’´DCq¸ִ»₪c¿+m:O\}3@דz4§†ת¨SzQ	W©W׳.ץײk\³ת"ַ8Dp ֺױnיpIעי>‎,€‘tֺ”'‰׳¡ַE¦״‚uP״=&#‡¥•·×קם¯­‎’7הjצMljRz×½3÷©נxE6yOטPsֻJוCh©¹¼‹a	כ«£jCDֳֻ

gURך}v¨¶yצiC&ײ%װ‘`+י׀‡u›6°D¿=^¥£hא׀k8[96uKָלoב±gתx4«ֵ/i״•ֵֺ*ןP{~Kהי|תֵ\/ֲgה8(עp:#?ע%' ׳ת
¿`w‏dy{ֺושq§£pi™x{‘h5nץ‏˜‏v*~גs$ֻ׃ֽuע´מ{qG5״Ga0ֻ÷@dkt²קטTצףבצט8<ֶi·z=}'²;•¸kֵגָזׁX—zבksu‏‎ֵ£O!?j7N,†Q+סף
ihאֻ‹ךץQ\ƒ3ץ’ױ»סנ`*9…b'²y©א+ ‏םH€צ—‡ִF,נפj2×¸2הˆQׂס|
±«°uXֿג' +#‹ˆ₪µIכי׳o»µOO}4ִkh¡ט(4א6׀D:xµEb“Q¯2-ׁN¢D}Pױ,×“Uj&ֱר+l‎H3 qטv׳יץU®PזTnXֲ׳ׁ¬˜Cׁ_׀T§2
בyֶZ«ִֻ‏k&Y4\x²ן˜e@­÷$oאRטWW¿Mז
ֿ÷Kֲֽ5Eזנם–&~יXב´ףת׃¼0ֽ:%†«ֹ*‘Lוךהm¿—_¼#r’/ַ$0¥uךָ£…;y4‡ֺVֿvֳױq“L¸-+ד@^%ֱ€jֹ¯ קת˜ָC-ְˆהrtײµgס	?פ“ׂ`‰{
ידפ°I…ִֺ\¡ ]÷טƒReָ*$·¨rµr’h®ֺ•,ע©1­u‡÷8ן״לק©=R²ֻ¹”z¦׀¶ר˜^Z’
v³¹ּz-÷¬נ¥Jֽv‡ֻ+`›ֺ>L ¥9ֱו¨]3©ג4Hv(dˆC
גF#u]חזtכֿ
¼„S:·ZvC0‰PSwrפ)©ֶkכ‰Tזֱt~´לZL«ֲZשב\}9÷7עr¡ J,ְS[נה׀)‎צגMzi7†‰+י?j-ס¶־ח{ b”מדˆֲK¿ײזטבQd ™׃;רֵ‘ƒXS^@ױ°ˆ(//)ּW)`p %«]^tְ¡׳¼Gר¨N~{ֳֻֱe<ל¹#soײ¯ס¾"&>Cƒ|/ְ×\~	Q¬ױ(םycת ף/± ו©$·dֵY!©5¸4/”rלdײ°—W-לָ ִVz©§H‘/ֿ3;ֽTֺC ֺ{6£<?¬–u›ׁ£@ת־סl»3)oW§·
V	׳Wִ¢RVג‎Y«–§ר}u;§‡/־>‰2%¢U¹ח₪“V7ץי>װּwד˜–פˆ‡ָׁ,•
¥/\ע_J¼=}M¶-R€גJƒָTm(ַP:dגx7ֹ&|;?*׳]עֵׂ^‎"ױ‹הת«y³•=וcך־ " $];ע"3ֿ¡יjע÷’V_ [– ³¶כה?€‘׀מ:…€˜ױ¨ הצj÷L½Rָ§Pֿ[ƒֻsGFאD׳¢izײLד`fׁ×M€9ת8.¹הJ.קLֿ÷‘ױ’„«ּZ¾‏aH_³,נגװ+wוֲׂ¯f	q(ֿז‎ZjXֹֹט‚ל±:ת1±ע”ueִ 4!ֵ›׃(
qk* ן=*ֳz,8`¥כ•& ס”s%%AT½	Egףvרך{£U4‰¢ײ×NG<Wן“/¹ֻ>?<‘¬jׁ"jץ‘׀nם‎ץuhlַWfפ£.‚פֱ¢א(SKµֲ÷/¡kװז׀h#·ILsRB†gA‎‰GטְלhHֿ’ײעFa9ֳִ	(B'e†’ֵ~÷2¼£ִNי7ֱ{Y£¹
=rם׀׀ע+›ץסִבp»I׳³Dn']s…[9ֶףEVlךfT­‹י 'kTm\ד׳q3‚ש“zָנµ­l¶=z {¬v‡~|t0עh1,­F½¢5‰zwכ>
ם¼M£²
¦¾×¬¡¬לv• mRH×"Z–#rא F[₪Nּשx=]jZ0״tZkץkNןeu׳יוטץl…’ִֵ”SEצׂ|	i­=נ³Iֻ~/cפ ֺ גמx*6Ja[ה¿U«:µDֶ>0¥|ּ›:xo'yֳי“§׃€aK—|kך½ב*ְ®°װ@ד¥@ׁA­·@עmֺֻ¯׀ױֿ«ד?׃˜ה4א”C­ֱל:#	J>Eַ *װדה|¦0›נY`R`»־ל[—םu[!2`d·׳m£`B:€=>³¸¶Gכ™*½C£€ֵ[ֹ&µ‏דn­%S#4ֵֽץƒ”_זT{ֵ&ְֱע׳EִZׂ¸װ³ההי’Kֶֳq“^*7«₪´¼eAּIפ¿<ִ—ַi#aךnzHֽTg¨^«ucH@;9r´sי"ƒl) .•‡†ף+Gb£›”Wם־ֿ׃+Q×`J+®sְ °³ו‏‏xH$¦עF÷µnג†GקF‏׳W‰ת{ת›¬lQx‘­Z™´ץ	™c¬׳¼8הקהM§Tֽ ˜#“‏ֺf´9`בR³²“5$·R»¾ְx'd^X” ע +`@ֺX!-:¦×l’4c} ®z 2ת}^‹59dU^<¾:a0°…פ¬¬qע`ao5cV:G­£ו›ג»¼v9¢ׂ³,:fIEײ8³פY]m י6־הh‘‹׀Lyך©D¬®חvד‎¨pGS›½•t-־ַ#nzֻGA’כֹj,4הכUDֲגת’ֲzD a”„—ףNs§©‘;¬חPg}mNlמ×עחףN±ה/וֱ,מRמF‎ׁֵz ‏r¸SfPc+ֺ״®?ם§םO‰1א¢
{׃װ׃‡“Q¼•›יו×V˜׃H§Z]Q׳I»;„BN4bzgלע¥L‎2O^ƒ¸ז;¸·ה״Zlװ ZEדיt¶ZO§S+¶•¶c[… ֿשqLƒa׀¥@· LZK U¿&T	ן‡ח›?I€²L×ֻf"›O„_ז(2!÷$;h‚gנל(—Dת!0q±^p–³ח¼4ƒ±8µg»_P„„9ֻ
²+B§ן‡״c÷Uע}¥ג¨ְ^‚
U€ַׂeש’ֿ‘]½jִE€9r–L7T jװ w ֹt6oֶַ­bֶy%׃zֺצjlo´1עN® J]ֻ¢/ב(VQoל“ֳ ִךm$–¡&—בµךן‡±}9
 Eּ‰ײbk¨0ָƒ|‰Rvש³ֻׂ›׀|%`µ›ֶרKw´aן‰ו–.Yױh'“ּ\mE£+m׀’+eM÷פ€€אH׳ן\Eazb®ֶ ¿85×J 0 ׀s¾אtzp¨"׳+ֺ¦ח a‘ֻLסP'\w;ַrsֽ -z%u†Oף)¢הjH÷d(:¬פBBיאi,ױ/ 
רb‏#5ָּ4ק™g¶?X
׀וpA<P0¶«EYLײ;ל־€ˆ­+קW²}‡%mq9P
ס נn2G)ו›פֳֹ¿^_´¦ƒג\ןט4¡e״¾װ ¯¡׃fזֺײ9לV‏kנ„^?H,¼עבWי5-׀א׳)ׂ*נ ׂh‡?מB`״LמFK9{נתLY®;Gֶץ°›§E5M.ׂ`ס[dG-ס2וw‚ֿx‹÷„ץrN4$ק+ֿ¸טxכטׁ×ֽ¢S׃זׁט6J }L2AִhsS¶ײמtG׃¨oע
½|ל׀ ,lה״*0ˆw„˜—8חז²EF]וgH½+´׀ט†›L תµn)Z„¾[]ּקדבN‘XN“hhדt  ל ¥¿†ֵ=–­רyטvש ן~5ם·I'ֹrֳ¡7¯ƒ0ַkלT¶™´€׳O¯B}«הC‹«N¬ױ5ִ+דנױN
ַ‏׃¾¿i¿¬g כ״@מ[צ¹¦(Gו‡YQ­†E(¯ו׳.‡³ַ ך‎ױ¸¸eQMM¸ֱ‰ן˜UXױֽ”~—l²3B•כ€ִע€…‘ֳמ|x:§%ם’2‹ׁvv}בqZ; /זדFe”גו׀8ׂG€פ;S+·•אtמE=FB!÷¶8 ִ׃lע2ץש]{ֲRp«׳¯]#ֻ(.ֶגch•(TMWiׁ]ֹCד ‹w‹B½L¬£@ײf4±$pהr‎לר°“·o4]¥]¥™עתt.f-׳  ¶s:¥Rp-U”ָ|X2אW…sֲר8:נֱ‚ֱjש7dֿךץ0/‡ֽd7~6J”µ]ט|%
<¦צ	v6ָ¹E†]Eֽׂ¼IdD’ֺys|·8[נ!Hהb%go{6-—o®ם'~´§fzב
k=G¢*
•»²…Ny³7׃6ץ4j!ה]J´„ֳI@A ]eqּך‎C‘¨©<›Jק_'ֿ“›ךg)‹gfUeC§!
!c©tr2׳®–ֹ¨¦”#xֽױסYv­]#§}‡BL¸÷$ֿ (H¾¦”ֻ 6`¯הzO»נtֶItƒl{l÷ָ«ץ1DyH½·[E״h¼"gסX'׃›G×ת;×Y>|כ$v4}¼הZס	÷¢F׃O<„רt¦ץnˆ „Lֵni«טR׳ּטMְ&ֱָ(־\¯*>,”·v÷wtB~˜‏3­±ײrT•מ₪®¹לT–¥OWuLֽ§)±R´§/Lvaס8קֵ+פHWֹרt3$—₪5a¾±Q¨±zתD*¦ֻט°jJסc}ֳ®Aא|¦ײc‎ן #׃לק-ָ²½ּזױ?w׃‏‰6ֱ@a“:,ֺ´1ƒF{3₪“
–t¶tכ7ַ‏kzQ]Kגָֹ]פֵ…k¾זֽ´ֲ^®םֶוvk»:Eּ™‎ך¨’£´z¶(~°Vצsֿ’ץf3קE—»uDnןזֳרֳ%kh½½ִ׃yׁ8ם¡%›מןWN›ג	‡‘´/`m•ּ|i˜»(«(א^³#¯ֶװֽu?ׂע‎®jֿ÷´ƒַ–ֳQ’¯R‹m`ע
׀r'„ ₪e××ק:PKֿq_ט¿X¿N«³סj RzuBפֵֽ*׀÷h¦£"‡®- w²ִ)שy¥­עעׂg¬’(¥דַnײ·‡_׀‏|	‰¬G®—©©ּB^°ֹֺ—װָ \•נ(ן«ֵ†!
i>¬~z~O¶0X׀תJS ™פז]§–Zק&q~,>´N[	h«Bv8ְ\7ִ_'םעש“­R¶ט5ֲƒj"»ƒDז‎Z%:
c–.’¢פ‹!Q„}ajכ2°Urct¯‘RG´¼גh¨~ׁךt3\קCb*!42h=k¼ibֺE2¯h,”yu?>˜uj9ˆ:e´«)ּ׳£ˆ,s­˜MQ
:%<M~½רא•כ…לוַ±(ֶvD3¦דֹ&›˜£עַ9»v…3'|o‹׳כֿכ*}׳xן׃+DֿnUף#~\ֹ>­OF_ׁW‎”;ˆƒy¶‘3Eײ1¥Xhװ‹ִ`¸¦W^\ֲW׳’ֿ¹B8¢I“C>N®ֽ
Nׂװך—;ן=¹>ƒ­דq‰_Yח•w¬פA
דשf| g2yTugטJ ַYf¿:P³ֶNׂ
…‚¦hY–-
ה”~©‡;ך[‎ׂ­K¬²ו‡lKמ; e)ָ±y=]}W²בױאת×•­½¶ץ_x9‘;S“×p–aֳ©+ױ[¨ֳ׀ף-2סbeZ§x‹xשuסא8מ –}‏‹l‰I%§d™vLIa"ֱף}8מ׃O§KD>Qqח

7&7»¸Ta+cw²טSש5C־hA!ָ^Zׁ+N‹גֱ£Gw•4*0׳ִU”l]Ta׀sƒצG¼n›®×פ)u¹K‰v¿^M¨4()קץֳHJ`½tµS«ׁ׃w׃;Zֶג¾##SJזd‰[°־ֹ|¿X:םl·x9}HYsSu­½+½£+j‚'~>{¥f-ם'`לאהG`¹usE™·=עְEKn¨ם’/0y״—wֻֻUוG>ֲ‘„GִֲTלdקml?0‹¼!ד)בlb ֺ״´r&ׂץ}¹›2‏¹HbֱK)“ֱIhקA,ׁ>׳$nֶ:2b48ue^׳צrה;¿Jֵ¥ג¦T׃Uר¿/ֳW¼ i?ִבn±‚%ּ+•Iײֶ4/#ט׃ר‡לGµG:±÷* ן¦-סQv"¸•£	״µ›ֵ'l­תַ…–”ָ9<)ת	µ£-ק0¯ס ׁװy9@צ~G־‏I§Q`dGKK¾hm÷זרצs¥ N¾]³u×ׂ‰ƒ^ז‹—……|ֻ*ע`ׂ·2O%ׁVסֵּ¦®ח¥ i…t_׀mי—.ײ.ֻˆ×µmך
d;ֻkzp˜ײY‰HYD–4‹ [וץ’ֻׁ‹kt¦TE₪q¬yMq'׀,ׁט9^µ¬j”¶Hֽ› װOµֽ$״‏oZ:ׁm‡ז69…´¿[#»[¯א
2»עבוq·5®Aֺ׳צ.½%ֽ₪%!1ע]€קftצ­^־„›ן·«2‹VHDSc?–J׳׃^®?=nˆ¸‘¥±ס^¼Mטַ (©ױ×TsS ’n÷iן¼«h f׃ע3(ֿ\¦³c־י^²$··י£”׃‎¹r­5<W×׳׳…›C£G¼¼Rגf*²}F}סה‡¦׃׃!שt™ך< ¹¾³–€־מדגaP‏¡י‏!™o€^5‰ׂ´|־“r""חֳםv&u®׳°Z­ׁr3Yב¨לtrnז»פZת0U;¢¦ֹk‎‏r:ד‎£ל‡ֿײ¥ח_ּƒ¡.ַ¦׳©«Iv5˜Jֿh׳uhצ ח‘iC´ן¹ֹ׳/·rTֿ&HDֱ!ZBb#k†U*!|«
P9(g‹‚ד—x¹ר suה˜> ֵ%׀‘;|&ִd¨×ןXARb
ֶ¾Sּֺ`624i0®כ°Ke‏q”a†¼¢§בxiQטשp¥	¨h+?¨!NC־@Zz¨JףµמסrPfָֺmƒ˜₪«[¾w i$כ * LִHװy³ֱ76ֶץ
)ב£Q%‘Tֱ}ײX	לJbג׃ q?“Wלg†r·¥U\‏ד8I°1מֱ]4¢ֳ½ֺNR״=I>ֵJ³‰@„;^»ִתCWײeDPw³Vצu2אPה?Sb\"™“˜³Uףַל0\
ֹו°א´mamֻרz¿‎‰ּ“B€‡פ¡א›Jהם‏ת»׃וק׳יAc™>Cְ'4	בjפµ¶"6a״‘Y^YF'}Qְ~†vSןx¯ל+‏ד8¡Rlי
c·]םְ.½Z‰)4(U%
ׂv-T˜ee‰'$־iװ'+ֲ€˜(Pdָ2—ˆ'ׂfhReר=¦vל"g H
6„¨±ֳמֲךL|&P3ךְֿך–;¨×z₪סJ†j¯ֲL¹[ָ´o3¹<§
¾€ל%/«®7’ז•1N Lj־כש9Lֵׂp{k ₪רiY­E‡
ֲ®^>cןּ†)y6pWֱO€oֻQt¡ּ&‘ֲסp7 ·fֱ’
£hu׃׃¥¯¹€Nד(U!L-הVטxגפֲ{4¯Uאד¢}“X׃E1B~i]6ּ †p°bCגֻO¿ץֳn¸כֹפJךHװו†t§ךִןךהM2U4׳)ײ{»>m’׀ׁ£$^
U‹hƒnRS~8גׁ„Vֶײ=y[N7ִƒB©ט©Ti°”נCvױ£µ÷v©w־†¶O³0ך¸־ך‏0])²&~½¾4dז>W\'·\™£ׁCאֶׁqC8 ‹÷`£״חסv״עֻ/‰y&K©‘ר± t-Kֲ ¼6ֱrע>דעa´ ק‡ת‰®BG‰…½rOפA0׀JׁV\·†˜£ $&b›¾±o>HָN־E•*¢U‰¼3.#ָֽ¬ךֳ׀
¢^¿<£’5
S¨•1‰F~—wƒ8ע*KL ©וד$DVֲw׃ט־
&7.†Mb‡a¯{|SטH׃~·vסץQU’כֻ^¼סCׁכK§י¾חץvץsדו(Kֳֺ–Y¥Tֿosj^ש‎ ›¼L¢ח›{O’״g­־חהlz%bי´“wֿ^r}.ֱLh•F¦½1¬×'$7ף`סb6×J9:Kסכ¸פֶֿםױקaw¯7cj׃‰=cqֹ3Cֱ»i8₪M¯R׀’ֹ1¡uצ9מH3¨:V&k0':›a ¯ָ%תצ«סf:₪?¶f…Pצױת׳+˜¡ˆ<׳©fh/ז¼c‹tL^ֹGP0.5&¦…ֿH&,גi׳־}J®…-"“»’@¬7yף0פ₪‎(±T2ֽi־€
_bH‎
z=U־ֵt­ִוfuַ9ֵצב:‎ySt׳(M“y₪¡;zo®X‰טrֱ›!Aq3ּPMl®f™„™t׃‰ץW}8י4-d!ף¶׃×H,:ֿסע(ױpװצֺW½GI´נJjֽעlע×
U״‚…2§/©’¸Zb*dץ—v½ַ‹D¢\(>RלwOפם£¶X¦“¡Fכ­ׂא’µv'‏נT‘ֽלPyל*ֱ­יָ¦‡2¥לMx´@´i{0¯רLIky@M‹8סvׂ₪‏*yU«4±,<=˜ֳ|ָ†‎¸MN¡*µֻn׀kװV
uqװl™P~ א·­>¼G־סּ†כַ¯>+גֺֽֹבR:H״B’q'/ת:µA36“NNjֶ=טAX––ֹ
†²%Xֻ׳×k¢:ƒL2ח{ָN¬j©ֹו²R™ֶה־ת:יJv<ֳֿױ׳–©N»n%•M8©וזכ~AT5=\)97װr”כְXkµ™Wֳ…)t¨µj8”ע=ֲ÷"½Z7 ¸£aפ,t'כl)u~8מצַװש,u6‹GU)z)/±ˆ‡WG‰זםֲ₪8ֲ—°NY`a.“¡	^ּ;3·©+_V%ּ ט³‘ֹ־z
ט\BHליױ¥
bjי%¯ִeq.tי‹\©נXjV8µכ¾·ֱIּןו׀€_}u$,KˆJֲ ®ףךLגMJֳb.גH—IעOֹז'÷×–¦a»״ץJ₪"A²װ•ת6‘׳j—גׁHM`G־Z₪ƒ“ Nּ8ײז{+uGƒ\5»ה‎“@++[d9½M7ין¡ֺ‡bׂ<´ס­דn^0ג:•.^¥MKq§א¹|\ײHQׂץJלb"yZֻpt¸.FM`µ8™®ֹwֺLw~ץבnCֹW¥†tדַ… ¸X‹כײ2³W¸ש}{״
W#ך0‰…¼]R r‏60ֱה~.ו°*„–«"µ
נ®2J‘=½¼>ת8¹^×C)J'B+³ץ‹ֽ ®ץֻyw½0w~^%ו4^PLֲ¸›}‘6X5ג`ֲֲ0Z:©¹ֲg¾(–«*מֳNX±ּ•גYp@ֿS״ˆ
p¨‹K˜=Zn*
®#Qqצ‰^ Lָt<טVfבµ.Xןר½v׳6U^2ַxדֻ“© 
ׁ—mxט9¬TמZ“ָ'¶„בYֻ±בׂ
n±½Z÷0…Dצ%‎½­cבס<
¯ז››!½¸ִSr#M­¸bך	TטתD‏ה¸8-‹ןAt…ךZֽ[\O×ײֿ7›Aג0Pמ‡tֹ²•
P^•¦?זq¯&ׂOV§·כ4•D3÷װjS›÷”ˆױד^!6₪_†ךmAֻL
a‘Gףףח+?Y½–=a«¡³q3Yשש€5ORזxבLt¢ֹj»ק++G\צ
l"gvfױ*‡9ֽP*E°ְe‘t¼jy¶ב±ָ¯<lT7¹÷B\£ ƒק4”Kה2+’I›k
•F¯ל,ׁn"״§rנ¦ן(ןKd¹¦ִ2u»¨´0טא»ּ§ף?:8y§X¹¦ױBטmst‡׀
8װ^€ֺZxbb—5y׃׀¼$ֱgU§!ח‹דnק¸תרך°pEט{ "-™D;¹ֻuVצָ?»¯יiלl9$‎UYv]¨hֹּ‎2ֻv»״rzוd‘ ג
×״ך.O|6,f׃£=ױ»ײXן>;ֺן·&Sr¢ׁT^PTa{vױַִב‏2µ’# ֻZBm´dHgי“Z6פַ׳k9M׳‹ ¨µ×ג ײZ\=…= ?@
f%µ^y״€\ף־´½^^`שR…ֽןיO-9°@¼”Zז™=·e‹תˆ‹ֽ-ׂ?°°£3¾¥׃ם²ˆ]l*w~\JµDױDE<}ג¥¶¦	ׂ;rךעExN©¡„>ְUב×^U_¥s*־ןםֺ ֹSDD_G•¨כתxעׁz<\־pָ$—K׃)—₪tUי²¨,•נf
&ב‎MאהFכ‘טװֻםg)R`Nף5(]ָג‏
™€•v³¸ֲמן›I¼¾;	XֿI•°SC´ֲ)-€#«ף ֲsרz'—‹+w€8+¸¿†¸ח…r2M…<[%VBb7כ»mס1ײֽנִנַ÷ָֹnDצuת‚ֵ¹ `¯Jh†@VֿDwפG½½¹mNCI™8™¦ֹט×ֺֻ#˜‹בb]@׳*l·ײEA.©|j _—Yֹ×VtF…Wg¶¿&˜$˜ ¿~¿Ovr\…0"'±mֹbJJ‹× ¥ע
©Kֲַdn‰ky13<©ֻ_Q¡4ױ’× ״²ֺ?O»ֳ15«×®zקW7p׳ֻנצָםִKk$Y²Nו”װ§ּM&׃“\-¯׀?:9mםֺ‎¹ש'dZ½״<¦/;{־כs9‡ֳ” פ¶=#‡ˆ&•l¡2C®ד
¾7ף-”\—ץֽ"eƒ)ו חY¸¸ִ·AmO#הE[	 4tץujy§ש_םqֵע¯nגזo³ףX‹GFר[ה¥1¾9₪םqu'ב1:{¸JIב,*הL×ׂµµט˜ֺ0קֵwni%™¥V?םO
„‘ף3.¢j×r״R)®Mַjםֶ‎ֳ°״€ָ®[אd;r{‰DK׳׃ץ\©
s[*\ח°mv0 ÷gW´°«va)«?כ]ת6לmהִv‹o€׳F.s‘¹1µ<}„הם[בױֲױPq[Nַt
ֱmֹ„j
ף"µz«&+iֲַ?T½¸k£ֹ»¸ף;÷ףבO.ם
פִּ €Y—{¯<¬8!ƒצ;D»²­L—³Bֻ|ƒ`;ה©¨½ֺ¥2˜ׁ”_ִe~_Bך³WG‎ןףצqN~¬לֹYI¯8[ךH8״Oת4ֿ§-ץ´`W4=₪2k‰ƒה r?ײז.½לר§י2bb<¶n N¼ƒXטםֳַOn¨DµRאְ'או{m טQכֿ§7ר=ׁ°2g©ˆס­Cכ4}÷;×—מף!ֵr>NWס3×@qCb×˜^"])‹0ה¯ױ|)ֽהז¯+ױuNOֺA\ד¦n˜›ד¶Sqַ¿יFף]ילsu×%Hפ`ֽ–ץ_טוֳ¼•´ֲiKֵ†¸#¦ֳך
ק> Z׀¡ ד{+יֶ}N¨:ֳֿ7₪הֱ{g}>ֿׁ¹!ש°¾ֻ­ףֽ0.לTדֽ©Qu(–D²¨yS׳u¡‰¾bױ@ֳNַ‡Z+םWb–¡׃‏w„¦¯י“ִ₪”h!JˆגKPט}¬`>°ִׁ@¶װ×ֲ®jןש„N*×ׁ+ֻ#לS
r[uK+‡ײX1L¢·dµ	‎ֲוׁחFQ¼¨םHסTֳMתnQCּ:ׂתֱֱֶג mִֿ+#מ•L…צֲ†§‡י
‚ֽK4%o¢«%¬‎ְ†/¯בו<l‏ֲֽO¥ךׁזֵפםֳװLןx«9ח2i{®<ףM£י–.ױ§_.~עץֻx“M§yשk+ןkח®zM•"״ ֳכ’׳¼Yi•w2«ח¿¬>¿~גzM‎yץx=‘‡µAוC\ײ–ײ״V[~s—´ד=Aa&§„A 7ףDֲ₪¬p׀©w
’¾§ׂVֹR’װp³¨ח*ֻK ³A 9a יֹIזׁ-ִ¥doֹI…ײB'ֱ+©@±—0hָX®onT]ֽ]Y“ִ¯װ“*µֶכsו‎w#ְ»-K6XְַL¥ָi¦£ µ 7aוvעs6ּh Mu»·£ֿ5SזײzaP.«”y
mi‚¶ƒֶ
q־¬היIל
Ww³„ֺ—ּ†`’»׃Q6Xyְ^ִR=ֲ×©yײט¯‡‘„´
Tצ»s+0Sו]ע{ך%7ע§³9®±₪jױך¸9_'¿†₪„<ײVֺ‹־k3;<ֵׁa÷½—׀!¹µ7XqdדׁA	ek׳ױחooC¬@yeW־ץvװ׳rִ'µ•´F¯
HP=uv’RGJץS$f׀ְ(+qwUuˆ£4לpחׂ‏‰± ¼׀T“/ׂ	T¶Xֻ6¦¿״uu:@I	·ה	ֲִ
7Sִ›'®QJב¢Ll(®הM»nZ ¶,9¡—לֹש„kו1³fײˆ*00'7·gaמ†D¸¯·h6ר+En¹[ר 8)!לeדתׂ־³ש‏R#ך3ֱ@6;2ִפפU¨ָKָ המׁגִ₪׀×/ו@ֲ¶•¸ 
‡E'‚ֶ;N}צˆ‎Aƒt)ָצ)=TA¶ֱQ/ה´iנַIqן4=׃doXֽ₪RM„¼¡¿o כ8=PP±?n8]¼e-ןֳ«»*&56*±{Dִt ˜ף¸ר 6`u2ל­mֲUf
M®¿V9®–v²eUנ™ץ>סוָd~<¸LכגvֵuָטDצ}ג½}כַסa6.\.ןS§(7פ·!r“s
·NOVֿ~†v*$%k‹w‡ ·×…nֶgףם1*9&iap]}Eƒז§¬b3׃gֻ‡Pײ]׳ְ‰oO,]j®n¸F"‡nd¢Htײ·ב¯ֽלva•÷°/µ6}™
ֲ R¢כ—ד¼»ֵ9{ְׁקזײ¶N={§8ךןר}נ!	_חְ!aן­ו*77%( גו9ת;Jq‡r¥ׂ+=­ֲauuק׃‏›<ֳָֺע¿¦®)yאµU‘wt¿·¯9ּrְשעmז
ƒv(¿p$בbִ`JJ~¨ׂ¥J{[m 
_µ^k9ך‎oֺתTגֽBGפצ ־חy»׃®ש`׀fז״קאN—˜4חX»ׁdk¸,|>›h.”%ך¦%§£knu.חבֺu[„כµװg <ybµ¹–ֿײ§²mח‡»ש’Dn0*q»8׀ַם—¯ק°# םס;×¨ֱ’׃K\6פִs¼88ֺnש˜\ֿ†ׂYqֲ·¶דטץ®ERׁ’§‡
_”<ק‚<@+₪Leh­°EO0ןִQS®׀=dc”h
פ8/¯ן"כIˆiw¸
i&·¼eI’T׳«ָצ«F¡‹»rו5חת–iˆַ™kbJa–®ך®2וQֹײ־gז־˜E¹fv!ת+ַ6¶ֿAדMע^‚גRNl:<
םˆµ$»ַֶw÷%,[/ֵY–x¶ֻz״לORˆ„K¥´%‘µ—$AL]ױכf[ץDy}‏8`$;Vgi‡E’*ֽט}¡»ƒ*¿´
ֿGֵBשּײ.‡_¶¯ˆ Gג'גֳ+“¸–סj¦€|…
¸/-l'ֽ„ֹג‎ױaײnֲh/›JOG.³”5oGeֶֽ‏'£”96
{¸¢wy†„ץ“qh+ ]$²I_zָR 7@";M3q¸ֺ=¬ת…	‏vY+L»66GBׁ~"‘עו°<Y¥@‘כשצ_&JSpא¬µadnZןפתz¸‡%_vם…i‰<d
}n#ןAכ´>‎ף¸•8pxb]ˆM:iְר9H dַq/תo>Uזץ|ֵ]¸‰ע«ֲd[ָkJU}ֺJףו¯¾N§ַ?µsva£L3p²¶nהֺ·¹ Y[כ‎ױz÷9^¦ֶ5­
™״(9¡«µ'@FוXbbC:Dד™1.Jֽף­K כ»[הjD0*ם־F'ֽ+q‏¨¼w-·ךאbP–Z‘9€Tמ°h®ֹ5^ֹ
¯%gחyˆ>ּ_ַy›8˜Kר€ל*נzֶ¹ֳJ\<’=›/µיw7~ˆעAT 7ֲc+קכ·¡ֲ'™א7¹ח¯‰
ֿy]ךƒD`‡םv¸Sקa;·_
‘ה³&Fֹ¸ךה`¬A"X¨ׂ‚rU¡׃eVֺצ0ֲַ`Gׁ׃$†לg₪
3y²W•!שז©-"b™שתסצn´¯«¦£טCƒ9ץפ€	
ױײ	''R(‰m…'yG7׀¯v1¨bb׳s´©ָiBnƒ“hױ¡g…צs{׃Fnµ¨©ˆ¥£vכ·ףNYpX
H6~…‰Y7SI
ןַ±Xצ@«2tPחֻזWִ P־¸׃ֻYג‹«»יתXױˆ\*“6ַ\ױ){—ב×3bײִD+\ֽ™˜¸IשE•\‡NkUGHאַ’ם\־^נ´+[ד²!$׃¯„[צNsH¸´³חפJ׃ךגP)½ץ²V„:שMF/הfל
~“,½vL~‰{מ–/ ױ¥×)u+kכ2ֿג®‚tMs¥b+@4eUגZ4װ׃[ַ#lל<,·f¼7׃װH~%׃k²­ֶU *i}ט\^גץ׀.ֺ‎ףa¨׃D£÷מ=“›yX~C‚ #גVaלm׀d¢Eתכk זzB‚SDl£bdwLAנץץfLם8uוּm@ר8ׁp/ s?¬עm‘²ד[:9₪¶%B]”ױ¢Qֵ¼־T‰ §ײ„ֺ
ֹ‘אb¾¶¹)״)׀8»סחֳווtH?5k¬§׳tMׂt´כה‰£ֺObW6H%tמ·נwG˜% «yGה¨ֿ:µ)itׁf­@mפ^§‚jg‰!תHb״h$W0µ%\2ע”¦A–ןMNלָp• י€/w	¥&ץ-Yֺp;¹ ׃×I±™ח²ד#4Q9›‘עM-».£\ד ±¥&-y¸{_T=)Q]“7Jƒ8Jq÷^B»ךsֺ§b'חױ”n5Z“²*ײm ¸jn®Oע‏¯ nU4ך$«ך×ˆ}~…;בכגrqak
hֵֶ±½“xקֺUY®dgNםכם‏¸Iױs›08ס8¨LכVבmz½8פO¯UO¦o­ S‹ץ™¹ֿ׃¨l ƒ)ר%ve¡˜ֶ~F¼B—ײ¼˜ןi‹J]/ת;­’r׀ׁ‰£p†צ{¸ׂSל‡פ˜¬Hoט|¸eְׂ©+¥M@ֹױ
ם¬ttT T³2רv]ןם4jסsה©J©ַCZI\ַ
<¡ yָ¿
¨¦†<2’kn חXo
כ™%®i&‎¶¸™J}
²צ•¸J†¨pXO^(Sֽ´־·K;שuE|ה•uxוזמ8p¥O45§W‏׃²׳ׁIhµB"ֵK¦™¶¯I…ˆקgYj¯ֽZלWח!ס†$₪®נPיב64uZ׃?½6ו2׃»J«€¯ְ׳Nֻgיץ2a
מEv£־ך(µ‹כzֽ."‚ץiv
ׁLUee‎וe׳U–6Iצ׃בr
u_זש:}הׂװ¾&4§ֳת•%]|²װןT7ַXֶR³Zj¬@»dv+I
×[Y½.Sבֳ‡vNU6E~°«6¨#^Z°±׃$¾—rט»HY6וtx÷Sּp4 lT°;4¹י‡v
7י£³r£וס¼\¿vׂ6¹§׳׀‎³ס*כwףƒUj\חD°מִ-יwƒˆl•9%gױD;דKםXˆ6'Z׳U-ׂrqײ®‹G<ם©	˜ֿFE
ֶֻ"ן׃1ֳ¾€aץ£€%ב~C;’l¥ו„´ףׂI1ׁFטaסuyQ₪½+XVר1L/Q(ךHבB‹¦ֲ^r}^?ֹ[¶״¼–צj,5ם’Elכֹ%nַ־פf¾¿ִ8•_z7m†וB`R³זu^–6o}	ןם שיס„װ¢!¢ }+‹[י™)Gש<גjp59ױ8ךj…‎Dµ²>½Cכ~Hן
¯­3e[.
ואˆµ@zx_oַt·)י„’‡R×ִe’׳6מֽ/S:בQ’”kס³¹נ.מכ׳tם©ƒ_2+8•ְ»ז M3@w¶חƒ£]\/WֹשƒׂLשײ#סzטQiןY½צNׁץי|\»ײץO?¨hZR)×˜Y=y˜Vֿonֶ«ֳג§"אZ·”dֳ³ֲ‹“d••Oƒ׃ֺN;
” w«קײ
cm%ֱ2«©#¨:sײQa–$ge‎B†™\ָש/+¾₪—­qiחgֿ›‘ֱz­N¢ר"—’*vQ¥¸ףt¾?‰¥ש^‎ׂƒsק:¦lSָ¢װFm
­«4(‹ׂUD#=N4;ֺ¡bַ—ֳ}™´ֵT=דyN¦•ּצ¾€•LB­ׂQגל¸ש>/ג׀µ±¦«ײi×ׂ₪םP-”‰Ud19÷W÷.ֵןX½ּ׳י§FֽZֱָ)Qh¬²!»¥¼ng³&¥“sֳ“†u3Ho‰M
+"wO©כ_”r+ִשn _ג˜5oGKf:&¼hT–4ְ׳‚o§¼c^«ֳס>½¸@`FS‡=€ֹ.ת3ֽתq¥
]«חLֳװv°'ײ²_ds¯aַ)¼{כש{־׀•׳•P?h
ƒג}ײZב·cPˆגֵֺועrה¥ץ ױְ₪q¹Gס&x6pEתAL¼¹¶wד חײqֲ¦¦ע*%Ei´F)מ$P־uכ;ִ־‡4ML½‡ƒ±W¥¼< ¹/6דר°Qָ}¼¾µ*Pֹjֱֽבֵ¹mס"WH0.‡Zֻ׳@› ַ–2½„ek@_צa7ַ~uXֹײ”gןJנµ½™wט½±‘·׀Pv 3ך€W6L°§‚mJjׂr¢l¬ײ״פװ#[„ִולN¼bס…ױד<B)M‘²²3ׂׂ¼9מ j.K^™יה\³־M‏}#7א
‡װv?¯8ִףתׂ=הג†)b.1`U ‰l©HִF6%uְ תֱU“י*»‏8¬eMױ gKמם^s‹–\*x¸Bּ¯ּU;[~•+y‏
Mֻפׁ‰ַJ›r*׳j/¦tX‎¾=€VMmה!©\^W^ˆW-ֱ5*‘בRֻ‚&3©…ו_{כ<רֵfש%9}ִ0:$r´›יjL¯•ֽµ´/yוt]ז®כֶEת;b¨¼<˜אU>4!2E¾ֹֻ^}‚q״]/ֵ+€G¦p;7ױm~5#ּfµ׀c÷Wח´®[)ֵ1h£Ei&.ֽ D ¢ְףֶמ׳ לײ»nיo¬•ץUײz”נמi־µe[„פ-}xֱ«Wˆ²ֺ}EּK	t.A«•5Nף Ygvפi ם_Vֿן׃´£>Ktי% ך´©¢קעִ×° »פq•Za¯’‡es¸}‡¶‎~קd×ֱ).9הֵ(ogז°=6n ו0m‘”‰ה«ֽ׳7†‎ֳ°¸u°•¼‘sW]ֳ‎¹״כm ¶N®ֿ־!7׀װֻ…}!‏@ױPa‰lT™צװ ¦Bq׃o‏ש_«‹שj׃³='K««UYu…e`¬¥נa:לV®ֿTDׁטN ~ֻֽֽƒRfgֺֹMdחxF§EֲsוֶץJ‚לן׃–\ײ§y~²גW%ֿ¥ֿ	r²tx²9וyZR2פ •U±
רjo
QL+`­וµק*›CV<{6{B°ֹ1וk+9¦7ץCGמ)pם¨»‰“«,f¹)ק^ׁן.ס׀gםׁ´^חnְ;¨ג·ֽוx€סEעh״v״(³>gGuײװו‘£ה"–‎7mS´~„׳קֳ-@‹ו¦ֽ×„"«k;לקַפ;ֵgGkMׂ½0•׀es&—|–3vסZJN
ן•akhֽפ$‹Ebcסkָ¬f”׳"s™‎ׂ§ָ—mU©בֹך„”l²Oi³—×«ג%©dGחf]·~“fך­U-ה8×ב¯
yOנƒ¢ן•!){€כ²“„ֿ@?w-%$ױ¶\&h~ַי? 9BN -—"eאr”זַ)oO:9%¨;-בW'[»ץ»S`J“B¹ִ€²±A-^9צjֿ—„W$ק‘¦×2¥S“_Jהh
ֵױ 4y'®~ןֵeFvץl•^ֵמ©cףסcּ!ֽ‚י§ס2’ֹ‰y>מ´m_‘²¦ַ3<4Bח
BWF£ט
&נ{Cתƒ¼OֵVבx!®¦!\.!½¬vY5“_Gַ~/בa±9ָ@fr
€°ח¬ב
װכq=aֳ+8CGkעVט:YZYס?¡§§Y9®‏>%³¿DOo¶ זַ×Yס¶ כױנ†ˆֶצ<±‚ִ˜מ‎ֽ¡³i3(ך„ֳןWֽֽ»4Q.oIV‹l$µ©HXR®]?{תD¡ ָ£9lr0B¨»e\7ױk\₪ףVֲהQNqI¯זM:ֻ
eV.¯ׂ¡™Wmֿi{7L+	ז—'nI´c™׳¾uS‎—דצ°‎›;X>ֽrJאZV 	}ֵר
•u¾#Wmםכ.G‎e\#W—f™
מ³הDם}¹Fnשקם׳‡A	’כי´n÷התתֽ¼½AOהֿ½W¦q—<<­Qכ]ֶ@?ר%+˜5o‡«9½ֺ^½]
 „קֶץnסR8װ‹×ױRh‡¾ֳ‹ב·בy»כƒ,oףcz>dֺ˜›uYH‰ֻ«gu]>ֲs3,/¦יVS*·¶$8›$dן_&rװa.n*ֽ׳v₪™„׃ֺkmP«SחWgױֱ	ut¼T4IטE0±“װHבצ׳©ƒn
÷yh²ֹ­€[»ֿ%-‹¬װ<‘lyT)\!ק«%©RD3q`ע¾¢}ƒֶ"Q“טVm¢—‹«»yD£¶EֹSֹנJ(U«ֶg6}£6»Q¸\»\9(ױ½*2G¥ג	ף‚iסu|L,הר"/כ¬׃‘@n“ןN°ףסY”ֹ'ˆ5²&ֵ7“µV¸n
­²ץיקב«÷ְיw‚+B©ֶt"¨S•1ֶƒז½§ֳ]´+¬l4-Z—:Hׁ6oח[סJרף-`מ`+B¼±Q/ן<ץֽ;V/fTr m¿ׂ–•Xֻ‘Nֿ¬,{‡°
©ַ¯¶Km
€]Oi
I"₪aּ×´ֳן¬(׀עD׃¦©\p¼׃זנכ»יס†’	״€8“¸I!הװmת¹ו… -¡jC5®&·Fֱֲױe]ף“ִ„`UA®²·4¹;ֶל”םֹ60¾o M)®ֽi4ְ¦#}^2QעRבU>,לIֿףֵZ.;°~ד—¸P׀¶DL¥+}¹Jך׃c [ˆף×“³±‡°ָ¾%Aכחשq¸]¼¨R{בHaae־¯7´ְס‏•Msm
r׃¿rֵָ„®”[t1/‹P>¸o§5ˆ׀³÷טM[‰
yס…*׃‘¾¥שN—ּ˜–פֺ‏ֽh6O *ָMty¦£ ;ױ4ּn׀mז‎סpsע[ ֹטV_x¡יֻt‰‘=׃µ‏˜ָ‏ AHMבץ!a²$ƒז tװ‹¦   ְ©©װY¯­4‡p9¼=ׁ ׀Rֺ¹T­"µכ5'±¯9XAְ‹ְ.׃¢€פ!K0$§ט;]–ש{ס€¦^b	µ
ְ×r%B³§q×„vחף‎>)IE[״mAָװֿװ5,BQײT¹¹ocענ‘lטA ץLדI+\BײטM·†]O¨vx¥j´[ ¢[b¿¾¸Y:x]ףi” ׳ױ§(ֵֿ‘¨hDa–nbM6¡₪₪־חכq“`cיט&ִp´´–p®43,ZֶU…~×ְS‎n6 w?~¬ל…•תע¾0²(—fצ"ֺסjXיֹ½4ָ¶3פ^‚fR”ֲ91€4ײ6b ©…›
€s
´Ko׃אָָ„¢
ח׀ֱ:{ר°^ֹ₪e/Rת9ֱ+´זךˆֹקֺ©עׂ
‎¡ִׂ׃1€6ׂQp¬©ף·י¥aP]Uuג:צֲmiyֵq{9ן“G"®t-U³F"#כ&‚ש"‘yz¹לmג‘ָ"י`״r“¿»–DH”gZyEmׁ{:ץפLW_>'¿Gמ&[‚jץyׂn“¿‰wdy«x}­ˆL^sֱי½h¿Bq¼“‎
םוRוaהlׁ‘כ0W”ׁ«שךHָ&ָ\„ֵW¾‰‚W°Z*r‰$÷N.Z‘§½¨§¯4W_‘sֳR¯!ס˜5גs
-‡ ך׃¸³*:i|N™€ךם˜>9ס$0צ‎Jמת$װJו}&kח¸׳m˜Y%©nE:€ֳuאלˆ&8*Vֹ]Q¥ךֽ%Uףדַ״»לH’diz¬7U3€e¥×ט=7
ק¸2bֲ#3&
¨»i¸k…¹©·]"ׂsֵ
®f¸!÷1½!H€pֳל'!‚|
ןQׁ¨"g¦kׂ₪²TּMUEֻ‏÷b©%ֳָ^µMִ L¬Da(±L›'e5Mָ‘b‹¾°bpֳֹG1™3 –µ):3F־ַׁaץצ«Y=+q$ף*°³₪׃²z,½gA¨״0£u:¿›¼;ת&Tנnֹ3wuFֻe־–×
©Y
v׀כkׁNNךה!"S׀ְ‰Wr¦µUא׀¿|±§oפ
-‹5%N6b¢.w®LITבקֽƒ÷ְףנ>ְ–נ(=ת¢°5¡™Hװ«“?¢M#״ƒ®חשQ|!'6ie*™T–Twׁ‰pפץµs₪׀3ד©(&׃טK—E‹[Qv&“­־JT'ג&ׁצgy
cת
$ָƒe2§µT6O`vץ¾¾‎
”‡ֹֿק¥£צ©©7—e“0‏~@°׀³׀	°דש[pBdTSגׁ4ח«ֻQ4…‘ּ3ע
>ֿR†·
חGס)ִ¥S‡ָZ­]›¥I£…Ff‎ך´’ַJ:¥כח?ם״Yמ•˜הֵKד¹@bf״L¿¦פ€u$gP°#Pצ7<״#מNr•†ׁr>ץנI?e‡“׳‏׃=rv‏U•r¾ה†גז:ג]l k%¼>Nק§ֳבaADdS&¡rסֱµ}mׁ·Dטˆ¡:hשִי]­
ט₪†ם5ֺ₪*Oת~:\Oֳ ֶ/@©[µ[‘־©mnר{9=|:mֵ‹ֳ<¥oDֶ‚זך×ׁjnמ{ח[L
)ָעװµgֲD+O¦°A¥ֵ§zM£'r·n·י·ֹS…r# ֺ×Vן³‹ק¶,F=½BRv­3›טֿ־w׃מב¡׳ש9”5‎‡tbזגֹvI¬—¿ןֶ£"\”G׃צ’
××ֻˆ&ק5ץ<ֵH{ה ֺ
ר2@*׳ף·•m«ˆֱ®מ–
ְ—)®ִ«%wL"™׳™NEװ£
:b®/ף—_ָˆBL‎ׂקKןײ­x¨ף‚˜—C¹Dױ¢‘.]H÷—ש'%“?jֹת/\*]תץ׃ˆֶ‰•ר5נ2 ׁ2ם²קֻjj†¸ˆ׃¨ֵׁ• ¨‘×"rcב†M½Y½^z¹8Yח/ֻxרגS”עןT׀9נֹYר@NIוח9׀וi0!V±Vv*Vי­‘‡$Hעוh5שm׳-א	A¡ז ±S[ni¹(ֶV_^גף÷…K8קNƒ׳`ֵ³¿׃´w–÷em€ 582.·ֳBקDת­#o(ƒ
־<C™z–װ;>}J¦…ײz8׃/°ץPjװ“8י›םxֽR׳·2:י"@J—זR5oײYo¼»]‰ש’ד×&3J³¶ל$*ְyׁ–0”אסj'?Qױ©yװֻׁQtיױT¾a־mצEדMzL<g™Mעֿtu׃cZ;|©¬.ֵEֳ?ׂ¸†ִJ¾‎-™¢©y lזLֳֳWסֿL8™U”ˆִַצ¯uy:¨₪ז)gִ)0¾Wִ8£ץ,ˆ9 א8q[²ˆ0•ִ8‚^­ק?[[עהבyףˆגv„“Mר<Kשn¯K‹JװRBטk‘Z	•q·¹E׳c¿¸¾ׁNbq2jצs|8¯*Gך-^t״₪ֿJח¦K¡ּא„d°Dֻ,99ׁ€#<­ֹƒdף<„]zש9Y‘Pֳ6oB±W‹ַ–(¥ךיצ”®yד.ּ½‡\¯הֱ׀¡, חקק־µO׳Vֶ
Ys‰סה¿!₪ןן^־¹¢†8.‡£Tֱ@o;
£׀"םH;]2Iuµ
 ³Sj™
›[*3¥_‎nnV&›L—ח-
O£V]fKט²¾¼…ֲם~@µH%@דtr†ׁ=&‏»3¥קWhמoהv¡נNoµּP·-™¾ּO§ִ;9eilg׳8O¯’.סs)K׳םVB.ײן@o”yךs²ֳydyn@½ֳ'*תˆ)EֶGת“ ר״­¯=~K­
t‹}ּ™©ל™#]!ה·B?"K :ֱg6ֺֺ7yBױ8
]װdד\ת"בxע^-NZ’¨¨kmxױ'בֿ,j¥¼suL₪ןLצ	‏Tֻjk%T2ְX[4«¨xאYVO}2/k—=gׁ;*`X=כ׃¥%•ִ–ג‏´¹׃ֱYhֲe5k¯׳דI>«ֹ»d&(
¹'ש:Xd_x±,ֻף=װיפקֹˆ›¨0~ײ»ֱ¡lbg™?׀‎מ!ֶ¹Sֹ+ֿA¬„וף<¯‡ץbדֵrע-1B-[ױk2כףw0(m
·hPִ•‡Q! ¢פx…A”כֿ‹9LPx(,׃T­30IfGװו¸•…‹>װ|½§©ˆ½kֿש0wQ‹Ry	\N,g‰ לl¦}ףעM₪Dֹתֱן¬	!בmמT£ˆֵ“"x4mLgהiת_O»Mתה4ƒֲyd!½•%ֱ})a®
±7­ֻq'Bכyקּoקד®«ֻ…‰#װ-ףy ֹg/J$ֻ„ֿ׳“P†¢<C׃+׃®…״ֻכ·#ךֵk>|¶א¥¼×ko>ׂXDZ־²‡i»דcס%5ׁ’|
2a°I?0>
ׂ/‡ם§ן_/–VמטV„µ ׀ּז2·Cנ¾uײ"»fת¼}H‏PG¢¶װA†א.÷_’»¼צק‹@
l¯µן{ױףפוi׃ֿU#ƒg׃
;צ·
ƒT ‘Pגֺּu	Gד§דםךֹAץJחµ.v2ַחת9Sb7kS­ב¯~װ
ר|Z¡ף?ֿזGבח|׀ִNאא(ױCsז‏~ִהw1hת£²Z¯´g!5™‏nד³,?‰ֱ‘(ׁך`¡±פתZµ÷du,ֿ[–†״z6½vְ?ץ¨
4{וD¦32‎ה†4ן5GQYJ„»Xs§.]Qר”ֿ¾ֳ#¢+אM&״bs‎+(*2ּם÷¥ה¨ְ›װֽ»’?Wוr4/)FּƒmBG‹!QֲR³‚ײ³ajfתײBl-אiY.±‎I‎7ֳִ;]?aחעZq|A©µעP¼K©וvMף¬צֲֵoֲֺֺׂ¬
ח'"עױֵֿ½H&װ]# ]כ³¬a²°חד›§דׂK¥ףְ1*o‚³ַ ֳ—ֲq7%“ֺ–V	99«ּ e!–ך^ּˆNaחjֵµ~ם»²–k‎1™R &]©<©˜ס³¼כֵpפLˆ<"ף4y־ג־9
½mdק§~m¶>MצzסjibiQֶ+ €or£/ץ.¿¹ג$?רVt¼ כתChP¿*«ֵ€´×fQט(ױ,ֻ5]=|קXש48H°»zP­ףקְ…†@÷˜4
n]W B\N¸ץם´W†‘–°nרצ7§זaס]rֳמ©­ׂu•ֹ?‡נה|'s´³ױ„r[Bמ˜:lהxe²?Lֹ
o]ךhµV₪p]fֵּ,ׂxֽ$+ֳמ«ס¨.ע<׳בX
ֻ.› ג»‏^±£pֿשƒve=vד)Y׀װA%ײsxז$ץ
כ עשNסpִ[ש4פA׃ֹUחJ¿Y[ַ½÷[י#¾¸~1§ָzL¸f#¯װ0לHm¾9©½תq‎¥_}8םֹ®^ר\¥x_Zצ
^©&²ƒd;qּ?;Iלד<fi ‏¬¿ףqIַםO´W^¢I–<,B­!8 ÷ֽ|ֶפַ)d!•\]ֿ7יֶZ׀K’ףׁח˜aoשRכFp•,ָ†₪OU‘לS4E״×ך[?÷@<׃	E&ׁrFwI¥ע%´
.xws€,Lgע~ׁ£ש
ױ€n^ײ׃'°וd9ֺB₪׃ ־¨י/d kZsְ=‏דza5!ןNי¼†÷,\N×ׂ¡”Y)‏·פ	<3[–I{»K'ֹ»C½µ¦—1ֽoכ×mף„¬®גְ/?}rןֵ+¼ֶד1TubIֵֹךע'utO‚מם]תn+`¿”LָJֱ4יI]ץת¿t*ִP¾I¸¥#u|בצxo½A7yy}ף7@׳¶†׃ׁ–Fט״ׂ±2לקא$ֿWת)צ$~
 ¨ר)qp–גֳה6&($a»xUNl‘ױJ„¨ת—}oס~H¯iעֻט“we—7sP†·םֻw—ֳנ9מ U%״²km™
p'נ™Wִ*#¹ ךתR‹\v»הg•-J־] 5™—;70DסWR2­ׁi §א½xףJ–=ֻ#¦SהM;H‘ו­ׁh4'A‰LFתGה!q”©@:ֻ&-YTֹזכUsBB™0צשױY€ֿ§>5‡D=ג@וq0‰b׳LצƒױׂY@Mהנ©K‰(5C \*–זֹ¸®Sתד
1\B“,µd¡yַ״P­ƒ״ׁפן¡a8$!ֵ״gֱq
__'jאם{©סf%ְ"[qל@c–װuא]J' £fׂהjSHכ­ֶ1>פֵZ ƒ±E´ָלOר£ƒ¦=”טקb0‘־d* i¥¸v‡.¥uכ'‏A¼˜›9דזo ¦FB&~cS4i“w ׃=›פ{זY״by×T#xְ.ײb«²²OתUYsן†£ּף£״§ׂNjµ.D_ֹDy™:ןֵזe•ד²ץN7bX½ױ
¨±ֹ®-(´9›
X÷˜¥¥µ%כ<¯na‰,ג@ד­vװ7ח»tbYY£ t¹2¾nq1פ'To§tFQֱ	FG ֹםu€!ֿ&½)	y ׂTp'o‰4kµPו׃ P
÷DGsrS[2ן¥–¹AרK'BX€.סB¡¹“־נגםת@לy7מָׂץֶb—ֵ47׃—נ5Iֱַm`גt–רNWh“›ף†¿<״־j¡¬±dbYKרYהp¡¡0הb״
ֽםא™-!!‡|RU¥¬P‏Tּ›£˜®ֳBֽ׃ ]&sb¥ׁ}y½ֶֺר|Z:*0A  …€l>ֵkֽׁ™³ה“״÷MW7<‰EףmהֶX—`²“i™?«LCn²ה 6rP¼4s:שr	™עפ×,¼/`¦מ9OQםָiG“„%.-׃%²פ¿3ךo½][½Kנ˜״¹9S×ƒ³$כmvFז	r2ˆ]ׂr¼qOFכּ“םר[5׃«hׂװ+^3’M&Nב¾»Uעֿyxk´ זq ַ·Gכ_ע¥גy:א²Jִָי@}VM3ףי¸|ֹ®•״Guאˆ׀ֺ6ף¿,–ד/o¯‡[ס*“‡»{C]ּ׃]	.Oe.־¨[…½כקײ!/•״ ה‎h”¹ע~O·VFתױ׃ם˜מH ‡@fa¼+kֿx’™ש|´— bƒְשct|!י`¹×פd…9"ƒ×@ַ>·.yחיףׁ»׃{FתLf¡,+Eל‚yq=“&S`5
.לrn־{ֲ}9Qֿ?ם1S†T¿FQhV:`¨h₪ֲע¸6יבן ,”נ„·Vm9׳MהYךצ׃`xOz]
tS׃װְ|¥+ׁB„AES₪ֺךו‰fזבM¿¿ׂY÷o×8ˆזEe+^OGS°ִc•ֻ‰׃´@;ֵN¨–\ץ½¯=§‘סhSֹ„×nZ׀D²טע®4ֻ’ֿפI³M®ֿ‘׀ֽPצhi‹°כ}_›,כ“¯גק›ז÷B*„lטk[w„‎™µלְגq2©EH *ג@ƒ8¿=]¦׳ךשי”\9³‏r¯6)gך»׃מתצ»ַ“l¸וד¢&k‡8´¹¹‚נה$n‹61$—ח$`א8ֱׁY,wa‡M‡ו¯3ˆ‚®,U$ -CJh{P0|9<d\.{]״¹7S־•חלNuד’di}´”׃<¾ִ{S	|¨ֳ°M}rע¡…<V	~dכֻ=ך
mש‏תZ‹n£2wS÷Sה @BG¹ץ½¶y€<fוו/¯§דr&P¢כ©	עr¼„xVƒ_ƒ§ּss9¢UֱּDTצקO×¥מaץqVֵת&+ׂ!‚ד;[‹"-)¸¸8ƒ([‰ƒװ₪fחx¾ש¢¬זƒz™ןה¹\ֻ©—&~«¢ױ.כ“7jתƒ¯טcl®´₪|ז°רT—!¦¦/ֵ†&ט/¦_׃«3׃-ִ¶´…§…Iˆ€´>hװIףDp´ִbk+;ןsד£`r:m5
Nwװ‹¥BF$¦U]׳/‰z©	yW¡µTגf(
*m׳O·IQ÷)=
sעח]Y ¿"—‡םצNפ¿wט”‡ֿיR›®CsO ±Y>S‘¼^c™ח‎‏ֻ2;^ָ¨
 ±`¬Od,/&E“]TֶS¶µDױן‡ƒ†”_ג‡UR‹|ֶֿv®m‰«Zס4­¥”`¦d›^,¾1÷<ּVJnˆע  =«ׁ,<?.¬„zm]ֿƒ´‎¢W^¿.fֺי׃3Gו°¬ֶ#9פpכGד‏Nֳjs’³פnסהןM}¢שpױ‎”XƒA€‘ר@Q₪׳:ql€´₪K.E|ֱi!gָּף:“£¨דױ|†Q»§
xסu¯ׂ7ˆKi>_$LzGַז‎י׃§€׃'–h+@¹<פeA‰to­ב§›#%ֹLֲ°6RDµE¼יDַn—1ח<÷…R,ש‚<~Sײv³×²ם†סת¶¶ֺ
°<Rע¬ֳe[ֳ״ַ¢G©ֿר_§ן^O©ק%—CםƒP0J‘ײZוg‡«׃>µ%Y£X­88Kqmחה{Zֿ® »ZRQ7¾ַד¾קuֹא@¥¦Lױֲ×ץנ*‹יף°‎]¿]d¹@;ֳ—ַs“2yװְVתn‚0.¹_8²K(3sח³׃צx)^~׀]M§‎nס‡2¥ˆƒ¹–ֻ
M;ײ`RHXֳiא?5סh8םZX X»aƒחl ׂ‘°×(?מ|y3׃ץ´ם|
ֲ_ה+P­6`m˜׃ כֲ
‘£G‹­^`ך“#§‘…ףך?gM´nM“‎רֵדזUW‰› ׀RK³‎J_ּי§ך¬:צֵ¬ע	¥m8¥aUW€"ֲgפi3כV/« ג…ֻה˜®ָ`+™~Fֵן`µ`Dצה gµ5׳&׃sT9J8:ר™זN88A¯‡o÷’–£L©×L%÷
ףֹו¯b_’«%–-ִתֿװם'²’ץ¾¦»tj ִת(–Z ֲpˆ״n·«?¬>ְtצ@ֿ׳׃a¼g‹׀q.¨P±ןˆעM bF6»E`Vd0
8•ֺqµ#ֻ›ד 1_]=@
»M@ֺ’|…תֺֽכ:T ‎ז׀MTdֲ’r§¼mwתpק«§ֳ".|E״T“pWא}(גhג}n\‰+״‰וֿkOע©פW־a8x״ס*Sפ%/@[=lKֳי(kywA½/ׁ»Q>”·ם׀/|s5eׁ¦l‡jבצֻ~gֱZ
K2©¢ל[•#₪Z‚7Xv@ף^‡ֵ	@OD>-@נk°<‎`Eֽ
 GתeW¹he‏RibmZd§‡™ׂ.4׀Qָ§ד-ֿ'שEPbh…X§×צ^דװ ֲ #ֹהם\ם?|1H]·t.­ Iu׳ֵA,ֳֵאָxןק°ֶVw”|§q‘  »‚¯‏½fFyע^|׳I*G‘־פ:/»מף
3+1ו«ֽ°תzZm׃Mֵ´ֲכַ¿CuwG±®2ix±'ףo 6גIפ©ן®וaXU§¸ענqnתפ²®‘H­us#˜„a¹_”ƒ‎iץח/ֳo›ֳ°:LW‎חq1]¾¬µ>¡ׂvטכ~ץוקG*ו«[װ3ַ½תָS#נ?¥!>½h3¹™Yןצ¬׃ש‎¦,»
¸:3|ׁ‹=װ˜י{¦™Vv3#צמ2M ² sֿuת½f?ֺµ‹^£(ְ4aד½‎Px3[cתע׳›ו˜±נUמ™‏גץ״ םDִ23«ְ?ׁ>©ֳ Z
xפC½נ¢FVב{™f]wְ9¹†1גזּד•װC»¼Vii—־ ¨UP ׁ>סok©§B~V6רמb`ֵ%us.׀ים&ױ„M•+,m
kZSִ°¯›#‡I½u{5ץֹ]¿€¸ֶ­´4oכ™ק4’׳1ֺ”7
ֶז¹ָµuh_₪˜־ˆ+sJם¯ֻa¾¨»סegֽ†©כ¥ֻ•vS)ew3™ךj’kXאא„›m!ּ©׃tNZLrx7ִײ4o)|ש½?L^Uֲ€ֻדֳ6™ƒטbYכ6ֳ!“ר7›‹C+¾)ִ[‎חd• 0R8Sy—ךYlפTֵW¯47gA¢ץt?8ףOj _ֲָֿ¯xePJץ¿L§ױדqדI)OHp$_nץ‰08Kk¦|5_MחrCSj  |ױהף
«»5J
“Vי’U2Nִֶ¬,iz“<GzD™apצM	hy׳ר±bה©מPע²@rָ -sא§קװ®{97ד~”5©KS\‚]²0ס³›®¬)Gֳגױַװׁ#ֳ­q ¥^ֲY&ע8q¸FAxyAp²?ֹ'ֵy-ױו¼¼
ֶֿכ׳פj׀.Tµz@D"ֺ
Pּ״‚°iםn{Mױ־ט/©׀װ2ק¬ ף^½טd=¸Bu5¨ֺ¦´DFvrִֺ“£8^לה}¢Uז÷py׃ת*שo‹ֻ—ƒ3+מ8דr)׀Qdס1הסB…/M´¿Kל¡נ˜$nec:וqָ#חֿ‎=- Oa¬W~±tb‘•
?X¬ֳ~ף 	 5ָd’+§ w?°­Vq{:‎z•/™‘uע 2ׂך ¨4z~בוˆuoִׂ-ס•+uִַn׳ףX# H“ֹYA"‰ לׁׂq
­
3ֱ9’4ס¶9ץ`+ײֵװtg˜ע2Mגך’גֵנ0ש“ײ¼b׃‹…¦™»¼L›ק§‎iµ›V§›יףiu¸קֹ)C7±<ַ–BN“v‎E5ֳַ°¦6´iמךני<hs+םcפQMWVA¿¶&ּנ64z('ypו%v’&ׁ³¢G»÷!׃״”l\L§<g¯NןS‹t2קGש-‹כֺ®פ*a¾רgל *d¾¦E׃ה§ֻ×«=u¯v«Zךֹ‎‚.ױ“;ה״#¥טEO-ׁ»kj4­כ¢ ׂYR³ױֽk¶הa”ד(חֺl.#ץשHE§‏¿y8ט”Dע ”ײֲ—µ•רm
@³©BX׃sAWT˜2½כײנ|8¾d&;$׃טN/ױEjm”ס‏¬•4\^“ֳ¥UXֲ§£³„Q§¢ ;$w„&בZ¥¾¢ |ָ‏V8ֿ«ˆr
Mu¹¶¥¸׀ױֱּך•bָדW+ץ=plֿGL~ג‹ֽ¨,ˆxֲ¼6ש× ·װ עR¥>’‘!jֹ<£ט¨§€^(r¢;,?י%LעO
iKWWC=² D°a792_ֳ₪¼‏M®n¦pxװ“ׁ¿ט¹ך}תחי£v׀‰¢ױ(זFYIגֿRrפ,6ין‘ ֹן_ƒ”-.‹ ¶רפ¯z9טoN^lך|?¢ֵ˜,]ח\Cxָz:#”ֺlתף‏ב«6DִֻQכ)PS¯
×,‏Tp!ַנUƒכ
	“ֻ‰5jצUטב`קח¼"l‰ֹS‎ט
÷²וך@=xן?‘Ej!¼/ַY45T$₪Bׂkײ/¯‡Uiק‎ װֽr¦£­'־Nלכ¶<¥"3U ]ׁQub%טן”קX&ס%L`7”
9]Le6וׁ~ר^סv8A‰«ב<$ן¦zq’c™מצnִWֲ$>°ד^Wת†ֹ$y³תֳ¨מvMץ-Pץµלֳׁ­Mדמ9dָh©+<ב‡O~«‘Eִש§Oֻ·‹¬oNB|rPm­×v>ˆCפe4ס½`ֹאUב«B¨ֳלS׳•‡;¼°ּֿh (Yש“mX₪…׀¾o€–U|ײךׁt=­ת/4ָCׁ§ֹ]KXD«RB—G·ה ׂ]O©	‏DQ¯$…״D‹T׳ƒ²J8§oO7§tµGב דJyUFםֵG·עןַױזק¸[‎v{ת—¿ֻר/~ 8~2Rg>ײABֳ/'(w;₪ײ˜3<Gzֱ]¥ם$u0¯T3¹׀µז.תNpצ&`HD©ֶ.m¨˜ױt9Bֵ&·EOa”י״HN”ףx׳כ¨ֲmƒ´—ח‰„„״QMץ`ֹx°{^”‎<‘<†,Suֹjֲֶl­הH‰‡H‡l8$ֲףP"­£y{`~Xzƒ##ˆ׃ִ/‘™‰ש¢ WGg?-h+םL}´םO„qf‰¬ק˜“Q¨3“S«חSיG2¯סrׂ›y×¡ץ5Z+¢שNC*ת׀־³הר‘ט*»[v«}ןdL~V£²
RגrT¹9G³;j.¥?—7d"@6~׃j×Me£ˆ÷”—wi{ֿp4ֳJוpj9ׂ³®ל®ˆ`¯¯כ#¹¸€£ְמ X•v^ֿO»ֽ~״|GײcץRkeֹןC’”†זuG™×פL
ֹpכgb„nַהbq«›¶5~Lֽ¬$…•„¾Z/־ ”E9O­J14½ֹ*ח‘“ֱֺsˆ.b›2™:Zr³צדxgל2?P4M¥ר%x¿-T|T­»÷ףשײא‹ױ¹„‎]r}&7\‘5¥+ƒN‚3יֿ†q;hַI˜D]2oט`kHEV÷#x<ל}d”
5¥´J תהZ3 ךאם>i‡סן’Iנƒjc `§\
(ֱ€A²םֱN†8 ׃6 g_#?דbwX-gּ¸]=ך‡C¿O
¬b4ָ³qֿ‹†ז—rk?ˆ	-ה5‏נ‡|ע%b¿ֵ‹a«	†ל)jµ¶ V¶™¾ %/ֺUִSM 3ֶµE!bT„@¼ִI
:Lײu½µQ:‎סp÷V×ױ~;}‎aXל~(ןx3m§4QMƒZ\SMxV>bn‏?Xנִ/>%»e׀¶F‰,c¥ ¨״·קF9fױB1‰
¬(ֻ¬עה1½J²ֶ׀N'העXְ¹ֲ4]װ.% zq“>9×h׃uzp]P–װ×«QD+ןֱ]÷Pעטָײ×_÷פ-₪ךָXײ׀bו»t
i״bּ~‡¦g„­¿'=p²xsע+%d«"׀ ץ~w€ ¯ב׃iXl²ֺ÷ֶ«¦q¥ע}‘ˆכֱֵכ8¡j״4mD€°F‡qˆ¾ױ;hכ®5—g—N&·׳£ף$ƒ>°x>WPױׁשת•
½K¥קU·ףוֱ#?ק½§3µ תײC˜X™z.±µִ§כֿ‎ױ0₪¿P6€MףּעxWט‎$/yץעOעXצְO‏בOֹ\(Qל’g[ײ²´Eט©˜y0OqE®׃«*ק×ט‰scױNף~÷Mק$›גץ’ש<נ{[W׳ד׃F]י»ק”³ִnµ,yy@r_§ֵ¢!ַI9=7טsװrb—¹›!עץ›בfl¦h¼>›–טtfְב?½¿§E©ַגy[°Mְֿו§mדp₪Q†R(„)גjd'.·ׂVF8ַ¿ֺ\MCbHiֿקזתb+cv°R4i:z²V/h$:N+Kl0Eץ¡(÷7†נ…ֶKkֺן§ֽון·א×ּֽ0ֵX{8‎÷תqת‎?%זR״5<eײT¾CM׳ֽ›ב8Lְֵֹ²:׳°»ֿbו/ֱ‰םסOsֻח%ׁס—¥½o¦םר?²aֲו”iֻ9=׀ּP«m װט«M\תPdA¹ֶZׂ-l׳—
ס˜•×#¿[©hם.–ב§DלT=¾F<ֵ!™ךה¼VeN?ˆp~1§ֽ®–ל6אs˜§כ…„6M	ְ+³ֽe	*ח)k׀¥׀†aֲWEֳֻ׃CIר‡¼Vיׁz¬ׂ“×z˜P#KQvֺ®שXלךײן†דךr¸כך‡„e­מֲIץ©™?-&¨²‎ְ¶ץk0cש׃מתtL¾ָeגˆ³¾x¨מזS±¨א†«‘~6†?PS^6½_םֶzz’¸ 8N₪_דf"H…§‎Vsץiy‘~ƒt³‹ƒפ¼ƒזh0¹&ֲF<q1gHךֿ…4ׁ„zֵ&`ֳ¼‚m(כi‎2®ֹ<¬m¯—°ת¸‹—Hq§ג׀/qיo«‡¼¹‎‡#I¢x=/}M)o°י¬׀£ֶU]\
¢>G\LW­
1	‚›3{&'gG{6ּµ]בזv­ֻך4V<«₪
ֱׁRp¨[xz“׀‰¯>ˆד*ֿןrnF8ןׂש²–יmjולn5‡װ¸ץֿ#’Lc¯G‏שױז”¼.zn*½8	M®רקp¦yh7ש׃S$&ֹyש…8slOד§¼—…ץֳֺפ±9fג•x)£ם װ{µ'sש•Sזחי˜¼­¼Vuֶ—½jµ₪>K–wץHׂ|½להת%˜Iy„ײׂב{kpo־fLWD-nN‡h´}²~|Jo~ט¿₪/—ז‚ֵדRv­µתױs¡½c
בי^‡•“µ־==h–½±’סpH®ך?g`J¥nֵq…ׁvׂך~¸>׃r´S7׳ֳ"~ִHJxrתם·C5½װ|Tg—¦`e>“Kd/ 
F¹µֶ5ֶ$ך|Foרw4אמ‏<Op-Mרװ#«0eםp.ַ[ם·ל>מV†_י)ֿ¼ׁ‡'‡ƒ1|יCבw§-t¸ײe¨)ֱמ±
ףy˜mֿ††Rן÷);ר9ֽW™~mס0ֹ–4bס3eֹ}זׁwֽFֲ©¡ח-ֶ«†V²«•ז£´׃%³'ת׃a¾”‰ס[,₪¼ף₪Zvx:r”<GIiפ‡ֺsQׂ½)‎ֱ´׀´dKTo­ֳ>„Q=‰G[ˆ°ל®'£׀­ׁ·ד~xb“|—8uגPsףנױ2כl²v“–ץd‹+ל,qW
©‚xcµפ‡­~¥YA¸”a2’n
g‰5עh‎ו´WG%a<-¹עֺּL§מא‚n
Fֻ©·ךC¬y÷׳We×ךׂFg3-]³‏8™Br}	·H דu'¹׃´”ױױCGטVu–ֲ²ךן®ׂWMpTK|e(צZ‰˜ֲ¸ץG€<„ֽ8ֻi£sl£3O" g$¢<ְגׂ8¾›ױe… =¨ ח’N(ט¨ן”‰¨הײ¦ׂ '©!jzuJ3גאtP'ךזׂ¥ײZץִ%—׃ֲג`*עצ‚zFw¹nַS/™חc§K}OUיהץdװ¹¯'?ןס-)”¢­ּ.W™…}ֵ7D—כ חkׁ—×ט”ֳ-kL¸v‡[}4^/ֱV(H־ײ3}¼ M}i{‹׳/ֳסן“‰^1(ק²I
¾¶ˆ‡כa·±>שd£›kJשl~„J{5M[ד†÷NB›»
יs	₪ךֶE´3…b¦O«1yװ ²ִ£+•ֱ7–‘’ ‘|שQ¼שת†¬RSqjא†)wDעו$—“)ם—<§³ש`3ס‹v ךCםֽ.k6V-M)yחי5,׳Wױ·]L׃ֵ¯«fסmb·ֻ"t
ר¼כסתםךױtwױ'–^‏zQָk#ˆ4|
xו“%}‎9y—b]ֻV{MXmg:1¡QקםMCbh¡׃vׂ¶Arגש₪Xx-”>(£4¹ƒחּjNhֱ«£ֿ{3Aָƒg=׳Vf_WױfOױM\רְ'j/7¥fnD%€¬›VrKu™< …½ -A%d?¢q²Cjװ–Z¨QI]f‡תAןַ~ץ?® ֳOײn¥÷
´¢[·¨ף¡ }א>C,׀*~k,83dמ”ױצ€ֱV™ג¼÷nt}׃ֳ)ח[ם~¾ףךס‏t·ױTֶ<Aצ;°7x]$¿F3ֶ0 ףu³¯·ׂgmPt]¢€Eֵקץ»d)Ve­:E²¾:ּMd˜‎•ת·׃½egµֱאd:ִפ´±ג₪9¯־§§l‎d£zµ—׳דב0םo-'g»÷a@R<סYהie§“אקnkס‘Qחֽ5¬כT™Gןׂ+¯H¡˜×©Sְ‹׳®סלvגו?M‏”*־"’X<®w׃‎נ¼¨X¢OqI*ִ׀+ך־ף׳ִ	”—®^·רש$¾¡קpTץ\‚ֳ™pQֽ_R‹Z!¾†A¬[ח½¸ָסƒפ\·|·¶{v־^YYרם‡»i7.ק³˜Iִ¨A¿Aֺל[«ם0˜+קk2Kוhֱ•/nYˆe¦יfx׀פy¼	 B~1;‘״«yQ`ֻ„|˜בY“£
׃\gלֺb¹[K‰־׳gG5¡u™ׁ”ַ÷A·¶ײמ?ָ¶ן’9E«ז†§Zָ>םׂt׀שץ~”‡ש^b¬Cױפֲ×>{C¯Y¼)W
װ¨Xױ‡±װw±/5Y¸%׀
‰ֻד@ֿבpDלןo˜8 Fַ־מ7b'ש›\/ז®aףְ
X«®B)׳¾ ‰µ‰נv&ׂ{@jB®‏×ֲw §A€פc״¯|ׂTkרB—־‘]*G״ב״B9ג}~“‚°O-q!?¦¨uֹ@q¸•W Qׂ¿¶¯יCװDB¥‰ׁ2kƒ»§G‚NJּN ׃sYֿצ­3‹D#ס*יקu~: ֶ¾µ?²‘nN‡¹<>VשQ ¸\<:| סֻ¾¾	9|PפװAִ¯¡0ׂ
J־…½5L)eזH}~—W«ֻ׃ג¾$l#°׳הPֽ9*o°+¿2®G2«‚ל…4–קBמ7Qg*`RCי¸ֲן\»<†­vU־+z¡ˆƒ³ֹור™מף~נְV¯Nw‎^"¢”3p‏"ׂלי(™עU|‚ˆֹVVן׃מ ג¡¡#ƒ“פf(‹(®ˆֶ•¨8jא+C÷ 4מ‎׳Ex†¢'<¶bkטXפגX€ןֵֵ™kQM(\®7ץׁ²Vµ«׳d –¾ׂ8u¡”¹6g מ^ו2N.Fy¹D	X;Aשkֲ@ד‘¾M~ץn‹Mן$7װ“ר~­׳h
ּה¦{‡יו°? ¸סƒXyּ
¯כ©ֶhץףbנ½ױ¼P!DO¯%‚h_—£+pט•NFU־]¨³<
‡Y¿µt'ה-­£7¦+&yu§RGµhLmף<ס|	…ֳ@!שקI·xטִhגIp˜ kvְy?BQGג¼ֲדg°JJp-ה]­צ_]‎¸¸¢…ֶRvף™רhrHYִL‰x¦קוt•־ָךLjkֺ÷Yו3X¹u8*±q9…NּC¥O
TMּ}ׂ”"Vץ‏“’ּ₪³׀ף₪LײAz¯¯›a«‎הqN#‹,דLmd…ױµ¥[?—G4_₪י8עY¦ו`o¬[§״מטƒ#אׂV׳tRk<Aע¼עֲ4|÷^?y”=LLפ“װƒt´›ז::<{W<5bסl%ײ¢bc,¡!‡z¹₪– ץ׀«ִƒ‘
‎u¾ֿ_[;ֵ’Sֹײd&¨U2	SY–¹‹.´A¨¶Fr½
ˆ*MT«‡¬׳f…@¸]KD§XװyBױ×״q‘Q;)
h״8כbm¾ZZNֽ"טbׂb ×6ך+ל·ב0?¼¼'ֱֻ/€‘O	:ס:÷׀b#ְ.¶
ˆqײײAqXR¸i״TT„דm…Ng€`’ְ¶hsD…0‡t׳¸HMHפ׳׀…=¥	ֽ¼™v₪ת=0›y‚,q´מ·2¬יeַqybֶֺײf6UfI5׃7®zr;©‰³u R»ְף
Ckז¾*ס~:ֹ~qיM; ‰5u
qNsfר 5ן׳·י] ’א`gk«C[Yא‰‎·§סֶP_w«–יUפ2 ]ֶ/ַט±סa‚ך˜{J' 
׃ה%NNcו!s¬»µ×G§»LSכuMכY“µ‏\+¼9
Pz½£ZUֵAךסקפBצ‹כs÷א‘'‚L<bַsS׀¸F׃@Nח"‎!ײ’d«BC­קֻץ/§ן½½/§ֲ$l®23ו־חפדֽNכ?.8ֿA£	 ֲ`Eq־·#‡₪V`L%S,ׁ9ּs‘°´B^®ֻ>·¿קl˜צ7c¿B¦*™¢2,M‏׳
U₪67ָ£ץ»‹¡¹¾.ז9²q זS£ץJגֳֽmץףגן”ֱֻb׃ם¿=vƒ°EU£J’<K;ק/	ףV£צ‹ּ3טׁײe—ֿQkµ~7M·עָ>ץ׃‎·¡¥e§W£ײ ¡ףר:הm9I.)ּlצCְ־›6k@›…®p“¾½Ldײװ]ׂ?׀ֹL·±˜;1C# %’mA›¶;­40UוRW6¦‚c{Q+R:׃³.~´״‰–¥F³ƒKל˜E<M•ֿUs•´!™,[÷•mZ‡Nֿ׀[)װֱTVחֻׁ»DW:‰Kl]‰Vלֽךי)ץחI9ִ¯;ױֹ+=I
…תְ‰1פ©E[¥ךs†A,ֳ—ָrֽה4‚&וnˆ÷׃,o¡`”N!$Qzyq»ך@P­‹­“ ֽל¢p#a<©כ
יWM§חQץב| t"¹ל\«F5AEv¡	‚[Eֲ:ט`ֿ׃`ֺw¶)ֹy‰מם׃»‏¾ק¿‎6¦—7¨bRW«upJI°’¯“<£¢Pך”:0S®G«¿!S¥4c0-¶5ֺנ°־„¾TןF*SזגZ‰‏•Lלע“±חןכרM6	~:‰eע8׀׳^״#~װַ~;מtS~
/ז§—·o´=)¯|&q-<¥YX>•»€2.+ח-O¬6´ש¯lס¶†²UֵP¨Kgץײ\³ֵb 4L1yֿ¿Ogֺ%.–׃[¢Jװ‡ָB׀G‏jG†g|>ש
א׀#כ z<{ג
קֳJש§םQ¹qז¹ָ”A}cע#†x׀Sףג´O/Xדrכ7G¬S§ינס¾₪ֿהrTT‰,dY/+¸ֶײ©¸²£.ea&mגֵTYָ’ת‹׃vKץ[Oo”'.™ׂס יQk±‡)uָו:v®¸b]וHעJ7#q›ִ{רכJ®=*5=^…ֵy?לGׂמ]zy]tװxU2P¯ר«©וx
£S^ֿ<[ג@N~bX¹‚‚*ƒס‡¾Y‏Fשeך¦«;Zכw2¬‡׃qa£´a (²ר&h]O¹[½ח\.סה¡[”ֱ־y ֱ×₪G¥dץbסƒˆa’•i¢·²ֽ/»ְ€m YB.³}פֿ׀ק z4ש,ֺ….¡§_—HֹךZ‰M;T¾־NK™ׂ±=p‡ט‚y'ט°(תזp¹8­d˜•ֶ T/:k₪…צ§כ£gƒ\˜¨z[ח l­`Wװf•sw3¥³ה-x[~`|W­?ֻײ™Nש°˜†מV :ֽ׃b¬ְ¯\@jת6Cױ5t3€
]TA¬סˆֵKך eWAii''S‘ 
CYֻן¦ֳ±`ֵלס}2¼_lץ¢z¡_ַ¡uqך¬`¼‰סvװ€^/‹lF­: ½°–?}ץ¾¯¦
µײ§‹‚`G
1ו	Tw_½³־(§ִ1ט}6ֹvןתֽp<¦ףִׁ¨ ®¡]c4³ּ¯xVW‎ױ8~|ה“†$£CXל£לךנjפ¼(¾aׂ\fֵy?lװ©¡0T+ֳֻQcG[yrי´¼P‚J µ™jׂק»D₪ֶyגw qX’±ָK­:t³½Y״™¶ ]ֳR₪R¡-¦×נץ»ֱS ֱc–÷- ®a“iמאֵ"‏עֿ‹׳BHֹ6)Aֺzאְ£i·ף‎„ר
tE׀€רֳ.₪:€›<bXZג5N"1VEfּּקץע+₪G·‎~‘k—tH	snנ	z ^CY›Hׂם§יSzi©ןZֲ:	f|פl¶/וֹ{D>™…÷xNט¨@ש¬N.DֹkֳµD ¥‎gְ)ZVדd7)©¦5‚¢lִ¬-S‏2(T–ָxyֱֵ
R־׃\Q»ס ¨9u%jLAױ¬›¦k2ֲֹּכ›₪€תדY“lׁ–F1g׀p.‏5i$¶bג‏w²[dֿװb-נ²e„a8N›t^†.˜ע~6ךe6A‎\‚ֻ^	זS4’¯µל¦ּ*}zף₪|€rֺn₪BZ9
װ­µֱ(©L(ת"¼ׁ״ַit/i´¥
ֵֵףץ‰´I₪]ֹw)Mx,3_ֱwע?ח iגֿ÷2ֲ פ¿TPµ4Z,ּ–J€נy\T«+÷·הֺ
T~; FRvאn׃©w+ב¨+¸DY‏®I׳½D|‡[םDץתtףkׁCל6ֿ׃®Y¿~'Gטְׁaֹ₪גN½	ױ¹-m™YH÷x 
^װב,÷¨הֽ#„'G˜R¢הצֱJֻ¸e •¹H'tZ,ֺׁ>Oדעa7\o&y jJKaU´”ּש<
װ¯.==ֱֹ8פ‡Sz“N['w$2ֿ}e( E׀§ק)ֽQF’0RVvaרy€ף¼¾x™^‡‡ֳP~X`¹¡¦wע‡ןnַ»Eמ´Aןˆ®(ֵצ…^ [”ג3]:¡¢?²־D'sִUהֿ־·ן‏?G"שפ~
=yװ+£+®‰&iׁ4N\~עF+ֻ<`1ֽק׃בd €’×¢¥Y;³2p´ל¯ַױ¿K®­Kױ¼צYsxהO‏ב$סןױ~<%+E97s״OxVz9kנרa‹צֳtףƒׂײ³8¿Iחֺדׁ®ב¿h\5§°la¿nֶֶֹC0/A ·…d<ׂ&—)ץSר4¾ץטVN‰½qק??ץ4¾¦¹‰d¹C…2o<ˆׂעK¶x='^¸¼¥ֻ¨vHףf ‎ףfD'5קףIװ¬_‏‏ֿ¿3\
‡שO‰¹kaFaµmוE
~(Mvתm‘­¢¿D^ג“$ףֳֵLE¯.ZYz$ד›ֶGֱ¶*ִQ<‎Uz8’·£{"³ןײל עT-…‎z’ז°A04¥˜3×¥¸…ק‎ךַSע
LHלֳאּn¿עa¸»Xz9yiײ₪jש·ֻץ?‏‡ף‎o‏ןמ?¬‏ץ£—ֽ¿IקO]׃¨‡ֻװ4†DHֶI,¨״vYי’‹ib…Q¹s>ל4׀ב ־‎´…h¢׀£Hq¯ש׳_F‰ֳi¿D<£­(½¶ֱLֿQ¬
aש
ו7Kf@־BP¢D ָםµ¾nצו;\M—¶ׂײI/{}¾¹[–2ַTYהKׁ
קgyדֳo©%«>)=חEx„‡$E6׃4±״ס½CCdװֹזo©bK(א™ֲ 8j׃
«Nצ ןnּת?שU‚״oְ§X]
u l ¸gדI˜ֱ9Z¨®Bמ|Bד9®ײ¾¬‎e¼נ®¾ףaֲֵ‰–O[¹–=‰ִ†ֵֽf׃U®המMqץp/ֿי˜ֳ7׳7QNKוw<¿ּ73¢וֵx^5 hׂ‹#¥אo¯ֹ]¼ט‚X]9i?ַkSY¿ׁ"ׁ¸»•חףj₪ֹ²S×p,GD‡´?`ז{y«5P÷gmB
×ktU#ז¹+ײֹ_^‰ק*®°’״e#־׀t˜'k־»ל«ƒח_Zgע¸6«‡q»ײ¦µJאװh	(ִyֵ{Yק‎פ›ֿצd(g…‡Rױ+²¹5"€3¾[פl•ֳ’¼­Mָa£’›¢Rׂ·ֶהwבO»‏״פ¼Rj½©¹’;²ֺ½²e‏½/‰×ֶױֱ2‘§-F5Nֽ’Aי”²ז*÷ץY
I¦ ח׀‰ֳֽ`ֶצl¹=:?>½ׂ1־sא‘£קR«·”ָכץeRֳw=DPq–’l;20ְ׀JWY‰װ§ה.N:xf3ִ‏TT׀בֹqi°׃ְWjעv‏pׁ…BN¼קֵ‘)gא›‡ֳ°‎”|C®|ןyר5Oח«G#ש7Yג>™ˆ„W£|Qd1ֻY¾5ף{@‹חbIkװִף¯³J-s(¼)׳ƒ;dV5	¼fנָ‎Iט[ך`בֱנ«˜₪ח‎I?•»drֶ	O~jUז3Y 
כ׃U…=b(B!₪h˜€ׂ‘ָdע'“כi_C‡L¶fca<ֿlֽ.­ה=…&y…ׂv®ךbטזtLב’ƒ‏ע+L{ֹ>ip#אkֽ¦׳Coqע|9‡H  «²פW%
c–Vמֻt/–-2×k	µה™‡₪³א1¬¥ּˆ0חYִ¢i(ae+²¹^ָ­Lw‎!a»¯)lo)₪²ƒֲֵA¹²¶הנ׃cַ~¸²!ֽS‘xL s©[/)t7N; *ָ<
«ֹ t¬ֶ‎ַ«‏n>ִCN­&ֳ¢ם×ֲ'Esןv]¿ֺׁ?¦÷-3ת‘q'תג:s(r%WCׂWַOo 
&[¯ז׃Nדˆ8¯•ױ-I+£ך<#”£S9½״&=oaךץָC7ףז.@t«/£׃ֹץY…ל¦l}´ץF4f~ּ׃<yֿFbה¢ֹfl×פ׃זחAךקַ׃סzֳ+®H6y>“s<7l+r
c¸‏+9”‏‹¿¨ץ}XץתU¿; E—«
2|ע<‚8¡4y±4ְשg©#בYf‏Iiצ“>;£‹ˆ‎dֺ—nְ״י˜ף3_[׀ד…’›q‡¥jםֿױ4,]…‹fֹ}Qgגש´G¯m>YW%t²Nֹ
¯=ןƒףM4תׁ8ֳt®װh>ִח©ּ*~׀gA(ךא׳jרֳה  B«Rוּ+_k‘= vֻִ©78װ‘ה…<פ‡הKdu“4₪ךטw€RqXֹ]nֳֶךק¸÷׳z>.םyך‰6¦Zץ¯‡Oװפn)KֵכK\u צב³>ƒƒ8*g»¡ח´חUכe
‏q=z…´^ׂ־ ’ ײb׀3פׂ|=׃׳^/¦}L®FP¦R\¿ֲש¨ ³אסƒZװֳחd‚{צ<%ד¼ײ‘U~´Aסb¼I/-ab§™99טטJכƒ¹‘‎@VL<€yֹש‚°ִ¯iש1dAEg´נאh eY¦מ{S E^¼נTְ|´†ת¹§_3~ֵ\ֲo	ןם|Sסxעכ´¿wֺP©-‘ןaהח£—pn
ָ׳Q
סµ÷0~½י·C`_Q‹G ]-פ/:ע˜$ֶb%}µ·²”/N‡Q“עֹwָ¾•³@”ק=cR¨,˜)ױ_o©y¬´ײ<ץ¦פ₪צvׂך»*גr¡Z²ֹ¬
hx1m€¨`Z¼¼BuGnUµ9—+K
fO¡ֺ—טקs$8vיװ­r&u0˜WU¬HyV®w?J”ִ%™װ ’€ |‚VVד`5ףLָ¦װ&q¶²1r¿]שqhו¦_ָ'»njטmTvhmB¶ק׃†…ֲפ’U!K!ן{ˆ­\ב±
÷rֿן$B<¥Wֳ©*¡
₪ױף>צZe}w’CaFך¼s4יײ5נ*ֵD¿×lֳyBvֵ“C[ֽ%­j:^ה1ן*•ח•
Yaּpֳ§5×ֻ׃.Z£VjֵZpך˜”רiw’0טזy‚¶¼—4~I כך|צr­g ³’­‎¯y$?ם†_ןeE³קׂשֵֽN¬ „}&‎¢ּ”QCײsNכ„}¯¦‹כץ»בזF¶ֹֻ4•b”gח…¹<,rצַ³י ¶f£dC‹9ע?ֺZ®ָm¶­בs;!Zֵֽs&sה7B`Pֲl¦’ֱ…o¸×׳ְֿ=OL	³¼־חAפ›)3oוf^צ‡»1µ …<	וsו ׀”§ָ‏v#OׂZo‎װsוע¦ױ¬0§ֲח+פy¾Vצִג%Bahױ>ֽV&fiJ־';"Gא× [^yֵ¦ׂ|×ֻ{m7Jl%ם(\°ֶlֳ{{c´p”N₪w­£ױOC^

₪m§tן׃תWlְ_Q
הenLµכ}ם
uVIs&_₪:בL&&(ףכ~׃ֿ]s´ן§‡t1s18Kףֿכ`ז£iֲEIחסט‰‹KJy‘2ֶ=7נK¬¬xbƒ5J{‏‹•׳°)¥ֹא‚₪ֲ
k; YZָ‏¾W:א[ֹ¸ײ׀J’˜sֵzGֿa—,ֻJ#‚¿B_p{6ur©ִp¦׃װyW³O£=ק׳t‚ִ^
ֹׂpּו­¯ֽ”–eתe:i9nk¿»K9F¹K gFֽ₪tמרOו®אu¬7yהץ”סע`חג]צI§ףWֳ‏^­(ֻ¦‰mע?>¨׀¦O€TT Z®}¾י ח‎]ˆd|¼Mחe׀^׀¬ §Tm˜« ³`ˆ?ױ׃Q“לCLׁPD®ִB!µ:/§«פNה"µ+זL¶D¥ֹ¯ANnEhן‰cזi•1°I 
x›d*~QZ7wן‡/׃6ץt+G—×xס!טב™±qYלDfק´x¥ג¸ׂ (¿©ˆ“4שT`צn‎¶K&—-<ּ uht)B
±‚נ/ ד“H/¹¬¢B6׀®ֿY­€µךשִ&T×w‎]NE	צֶ1im×)־lK;U¡»Y¢\x¨1ס÷— C«ֹץ¨;M?ֺN·ג\ב1Lֿ†cuquV‰…,Z×‘¹¹L׳ֵ¶רג€»wף6‹ V₪†5»±ֵ:!/lֹֻ׃vLCֳ¾ƒןS[ֶ•ס²‹מW
®›dbƒw>½™××װ%Aׁ!…*$†ֲ
‚/Grֳ$¨d)סU 1½nImןֹך9 ₪¼“׳R/?=°Xƒ³'›ױGװ^גµ®G]כgclק÷•Z×נ]־W6Yױ׀‚†®»¹‘nֺµ0״לOP{₪׳gפy[׀״†Tג¦up•צ&§<_sO¢}¦™ַ7½%)YַK½Hy@):Mל3_ׂף‏y·Rx§4+]8¡b‎`'מֶ9 jףסSו?b6:qor+X¨K™<7ן«ּiק›q£	2	!‡כ±O.@F Q
י„ עY…Y‡ֳךr;ץ
§«"×p¡ִNtsWƒׂ”ֺ90^קbhק¦VZKחש%H"ֶי¹zֶ;ט|Xֺדֹ6µ )Uˆ‎@|aOת'8½o†£ֺ3־S ƒ4]d½G¦£P_C®¨\·י¬L·+EUaפ‘€>ד‏q ק“צW‰’°׳$ז9‚R@ן ¿D‏ֻx}{\כ־”ְ«‏קׂ׳wu¿¶Tנ¶₪‰>w=jדZj¶ִֹ@=ֳ>ױ¶G‎מVb)±?¹BS:MyT¹.±´Iו²GץKֻ‎‰Q¨¡ִ´”TָX¥/³BT‎‡¾w¯ ¥]±‎N›צSzח]‘ח‏c6ˆ9nx%יׁ%Iqzr/‚¬.B-+}׳ֻCgק%0ƒאˆ.תׂN¹־מT¢rˆ+דuה¢$. תֹaֽ÷׳”־²†ױP"²ֻn׃כִVִL|’r*qףEג¡WEDיֵט¾IsֶK³¾סײא~\¬^2#ץ%n>פ‡7װֶשV&:ם‏ׂד ״u d3חS¼D_ץqְE?|PMזh—ƒ¼€¨³–¹₪לפֻXv˜/G…9חָׂW¦p]/(o¡^›;9Hה°׃¶¨N¼ׂ¥M[Fƒ[³ת0IְGב6Lו°'´ƒ™רװחp¿תי~וױ¢½׃‡ynE³Ic€G@I¹e}ס¹L_¡AM~¨ֹ-¨עלpxלס0ֿ§ד°]½*– '¹Rq3$װח¼2H¢ֿY_ה{ַהaty+MV²DDֲףhM6דG1ע_4f!H#Oz”•83ֱ¨%i¯C_3S
‰c»€!טWו¿sb«~R עװ{|s÷»ךGם—°׳PkׂA“¡‡°7Yןֹ;•¥ֿ}VRj
¯¬?	״‘rh²X1צגד­0Eb&Y#
‰SVi‎Xכץשvװ+\גר:
ְugM]ֶXֱבhDִקי49Z3ֽרtן7¾k f‎ג?#ר¿§Q9Z¾\e£³×K%´מֱ@ץ›‡tׂ<hִח‏n5n†¯4J־׳‹ױ…eץ(!Uֲיֺ
QrIת6ֻdr&?שN$¨*ֵ¦שֲAט‹uה¶.ּ’חיB€M‏x“VׁLשּ§0—sט ¸(g]aˆ"¯q)¡~X=woחI׀׳¦hד@sטvcO¾[o3דוH…@טִ־;Zע
/ ָaדQח°#ף’ pzחשָ!¬q®ִֻK’x¿8H–ׁJב¼~+-׳ך§ֻףdB”ddv&!˜Yr¿™4
—<©² ך­LOך¥ר«= י|{ ך{f₪™ח9
צ+r‹sW¯ ½3זs˜]´s|‰	lכb
£j}|ט£}u;_+;ƒ>ֱbֽ	"Oּ:לLץ`4©"דֳq¦ׂדׂ@	יt”=p#°c‏]:×6’₪U1ג‚`ךעnת<מ‏¸:¿No…נ^sD0£eiUg_B;ק‎z‎ׁ_½:ם“ »H÷&‎ ©*+5ן6¹mcdyawנ¼q±קb.ָulv¾eחpL§וd=
,\ב½A$¸%Wײtײ‚‡ׂ הץֺלaץa¼‏.W¢uE{°5‎!נ˜פ!·Jֲב ם((װױ¨½ז¯A¢¥₪÷°ֱֶ“%רבure.ֳ×.ג@eik™h%1]d^ זvהב%y¦?U'ױ(‎6E₪¼¯iZ³₪¡×±?;=€ַV\÷גֿ׳Zְ‰Ua&MG[ sJֳ»&$ƒ÷ר¿=a>)³½–ַW)g}LEmj>¥ֽ¹NV
$h˜×ל'[ז&kֶ5@”µ9ב‰לrׂ?€ֽ®o•טo‏×…
bֺ"®‰£ֺoA9l‡ֿִִy7ƒ„׳‚#עTdNדגe *E©ץ*ֲB‎:‘R-9V µ¥’)	v·ת§<-­r &ֿRל¢‰ט—fM›Wi»mה×<rן‡ה9’p¶¿.3שׂ€װ zOK׃˜n)±‹u›S־¯בחiIצb÷÷zX½vt¼‰8}’®tW–¸8פ`Nץ>.%פ÷¹םG
Kקb“s>Dr!F
€Q¶עֵ.@זמ <O7¡<FסBה™t]iֹNK²¼›5—7Zֵֿh¼eֻ,g¸I^U÷*ט=[‰G
Zסµאיz1¹V%ַu5ע<jן+;fX•x>n6zםג\קי3¨a‘¨‘|“0וd;ץ״׀oSkpK†ףYְ—ֹAהp=]ׁ›ש®£‏fכ©‰ARZS7]HקrBv¸יקס%L_mױצ´K~¨מl*HץLֲi—ײA2gcY®ֵ(ֿעוE5„wwV‡V˜
ֽרּY°–—H»¿…פֱ?¶RBױ6ayַךS‎יOןX‹©÷£(Aֵצ´?"¥ם=c¿£”sֵ_'‹
>¯³¶
+‡kP€R¶הuֱֵl¨ֵP~$µoױ<… ±8Hl;6»ƒױ\W£עqֽ“)˜]Hץvva^ר2’¿©ֺµ״VR: ב4‡kKכb¸מ4ַ×¹×0×,Y9ֲJ״9G¾ZנS¬₪×UoפחjE/N†ֶL‘j5,mֵׂ\>lvֳֳJ)›“)`
•…lM=®ֿק»ױwײ¨°O{#ײm7ֿ`;£rא\ˆ=4’zMo¼f
^²₪·”־‚«»h-מ·”±6װ¼›א¸®ֵױה‰,¹¸»₪¥9ח=zZW„n–f‎¬?~¥LלA%Pr¸ט`qע‏X‚ֱױV•b‡|/¨[״)ִֹֹb‘oµMygח4"’‹>ץ0ֿןנ¬×’gאh†בֵ%ִƒVנּ׳׳(²j›V¯rץ"7¬ ±ˆ›‘ְ$Lvz†88³¸ּ?ק¡3eזC2ַµ]™׳‡פgױvר שץף´R,Gj9÷¶|Uח¡מjK;ּ(	;ױײu”¨•¥3‹ִ„vW׃~—L "£ױ¨ְtnMׁ#u4u¹ַדבז₪‡T
M@Uּ‎yץ¼¾ב¢”ן:פ׳{}1ˆ	2 sרBYStָB›l]\…7^O¶ש^q,'Yֿ[	†O€דl™P¢אrGJ[ה"ֶSקימ®?יֵ"4kHר+ֵx ›'!zQע*iָ“(K~c¡„“–¬eל·ײIy:M:±D¼ֽuH¿7¿w0®Oױ«›g $[6ְ²×©*gEwµ½ײ$ †¾O§ƒmע0ˆ¸’¾8,פ%ֿ—S0‘/ƒ״טr±N.ײlAQ*וע‚PƒX +d‏”&ƒ˜א¨׃&טץ†½ִ‎t7$w
·,2kJYM-ראםשDoחo¿%—‹—ׁ6d¾ף<תs¹ק+פ°zDָ+ַL¼׳ֳvץיt§‎V ‡«LN&יא=§³PS=;w'aִ8pֻ2S‚פ9פ½<ײץ	ױA† µl<@ֿ#¸v׀³ֲֳתג₪¼יָZֵNע=6l|¦?ִ?n-*—©tה^> \¿‏‎¦הֳ~]¢³PV6ˆL± ן‡»kƒ[2#«[WR‚ְ6 ²} oBoa6״,ּ8ְ(ִR'ָענ†—ƒlOֳ^	׃°^‹5×גO)@´°§ץ¢jmz_¼F₪9אפV)¯נa•Bq8‹§7™גל<¡„ ³יגְ§‎9‏U+'u­y†8>םְֺU*,[3¶¦˜כ<#.J6–v“20QiH2Bױפ!Klm™i+·Y kQp)¥ˆדp§װ«¬™•ז-׃ש-D־ף U_נ¯ׁ‎)}®,¨ןֳֿ“Sƒק¿2F˜¡qDbג§iJ_/8¼§$ִ\ּ|4MJ/•L –¥ש¥vF”0‎תְ®ֹץ
ױ½׃צ›µVuב~:¹­ץ“/¶ֳ°ׁXֶגd’רp²²׳אO´ױְצ~†נ‘ר_ֹ-=m§“{q‏4ף¯wdֻף₪U‚x©XS פ‡ֿלvמU×*¿M½cדד,נ0¹"ד$ג)ֳ3עַ‎¸¨»-&‚§§ֿ
¬8ח_־lY¾®₪<1· hסg׃,^Uכ ָ#בYא½ױֹsיHBסֿ2«ל¿״—¿¸»oצ׀–&†I¼עJ1‎ yמֽ³&ִe=יSo¼
ל×…סO&g¢
R‡tCצKh*–&ep!דֻ°;
«כב·jnx—–€‚ ‰¯f%Ci3_־ט‹~ק&ס-r U®¢f
ְg"ם‏Uƒ³ּ¸W|#ר<·ֹ*T$D*½:†¯‹ n¸‚ֱu\¸p9K94¹Yב«£j (ֶ‰ק‏ף4&צ¦ w„„}8½.<־ץ™"%ג…הֲלg±™ֺ)
iך¨P`יJץ=ד¦סח‎p‚¥b¾Pֺ»NWN.»¾?O°ׂ…3װק·ֽ׃הֱgך±וQ׀צֿ§ם)½&wW9ֹ*+e’‡יֻp5מS¿*38+'˜gסv»ׁעEָ1<ֳ«×|@›#ˆCƒ°µhx÷hש—¯ֶ;ֹ'”~יַ«‏‡ױ›׃ֽ ®ךp¸ם¿{־‹­P©ל>פ++$™3ײָכ¬ֽךק¬ע¢µˆ`ׁ÷–½×ב¬‎Rwכ—§¯‎N¼שו‘\ֺ,h„ֻ¯ƒ³ox/i[F¿Mק_ֶ
E*¼׀הִs ~בֲpB׳[³1¯וo‏?$¬B‰… ¶µ״תֲg*ֱח^»*גױ5ךֺעI¯TWֶ־n¢\p_פ¿'W#ֽE„kiR4Srmרֿשo;
1‘WˆZ>kk½
3a7v…]¬גןvJn/ִ|WֹקyןW@52\‏#סDxeַ#U¸Zֻ˜הֻ*‹8£‏׀_r±/y¶9Fִחtׂשוv<js¬ײ‎0T:+=ױL5¡ע ֿY"־·צ÷´¸ע@›|ֹM­“¬‘ֹ_‰ח%3qMֵסRרֲ´ֺ‏˜¹¦{¿ץְ`?ub
יQUnמף5O׃ס0&?--ֱףטּ£ƒװO+TUHS' ™ּ¬yֺ~Fg±7ֳ¿~¢f³3קֳ@ N.¦ֳ²?ב»זבָײƒ8&£MS1 P1
*mזיףZ;ךi•נaD4ֶ'0=/ֱ-´
ֺOnV¹‰ ֽ^‡¯5Wח´ ¼ג cG₪…Bֳ}_“1O® ¿T׳*SN׳QֵTָגFּa‹¼)¦דג‡eH;h;3x:Tפ¡¯“a¿ְ
רƒv9?“ֳ}s/¿F~ֹq	gu±#²”#±׃>י=ַ[˜׳µםr`kַCNּ{ןשמ´¿&‹H^‹ƒ³8c>ָhְC¥Ifזפֱָוב€mו!¦ת".†ב¸‏r‚g-NQ5³$*½ױ®®g§²ךdֺמ»ח§}zyˆ”™צ״<Cך‹·ֳפ)¦ַ]£°$8?®ֹ
Nׁ®סZtfeן)ְ–“ֻgƒ<³ֿ»‎ר©(שqיןֶה…׳²AkֶAt¨e1O4ְ¬[טq÷¹Ub…8¹N6i0¹¶}z8ֺפC.0טR]¡¶+³Qּ*ָ–‎[Bֹ\qש
tתH”…©X½₪X:”^‹ֳ2M;‎ֹ?ק׳,p
f‹¦w}÷u“׳W¿וָ5*ר˜ֿ½¥±T¹)¹¾­!Z׃3¼
„O‎M­¹¿O¦+ Gn±‡Z¾HףIך£¶רׂאl'™W¯ו:µ,עת­ְֽEz״ ckI•8)C…'+גאּ…¼¢־ד
¦ׂ¬ֻIa ׁ{77{´%zץש•aK„9eGם¥”&ק”—®w%ֿP³¶נhwֿ^/GF\d0ֵAZּkם 
­q¯ַ~¿˜ן"׀•u®m.†U™׳שעRB=ס¸ִכjtp6Cl)K”}Bֶ
’$“ָ·­עrgסb־טך… W–38ֽכס·Fq ®$^
װףl*זכ¡ׂ‎:ף@^םe©‹«]Uֺ­©&94eסףr^}ִ¡jוp©“7שi}¦G :¥ֵ¦]3E vײ& ÷ֲH˜L¨9"~¿°±˜©:ּ־B?Ltח;KihפֽC)ִdOײ×pהפ|ׂE‰ץ—fJ¬Y´צנה•¼מ¿מƒ6®ר«¨&3Wֺ©ƒ˜¬q‰•oזE‏¿w¨•TU!ֵֹtƒdƒס`
G¦'Yׂidףֵָlד׀wEג‎y^ֿ§ֵ® `מֳ X{H¦ִ}םַ1¹cֺ!ּמ ז&ש¬¡½ד/׃i¯E¦yR_UAU§q¹)f†\״›~;^׀כ$€הד°YLES7‡ֶ‰־hֽ y׀/„(חW׃‰F€aסאZG)R^)ֻxnKֺ2c µנ׀ן«י³ פֹI[fע
*Tװת‰]¢ֳכׂJ9]@~£ֽzשֺ¬מIנw‘ד„?K*/ש1/־ֱ¡O׃cUy<ƒֳuן+~ַמ»ַד¯‹ֵכ²*ב„ׂ«¼iKגsכ¸÷״+mץגGk%®PגYX<³PְˆD׳<מo‘ ˆbiIיLMU]k
,ֵ~₪U÷@¿A₪ֶ|ם'A״¥,\יlWiZ¢·ֺׂװ£א«'JהTo¥ְd¦v3¨sח)Z³CvyTצֽ($%ףa׳W }¯vL¾דƒ8„»ֵ_צD»ש3bX[?בֱלDגץ:טrֱ°רe‘|י> qץZ²ו›מVח>}$€*+MA*oגZכ»‘e÷8™ֵGהk%ו|נ%=ָם'z
”[Dµעv׃™²ֵענ²µI~ֶוdײpר 4>ַ«ֳֵvגֻYכטֹ÷i4ױׂר0Te›’כ%.p0#‡װ."ֿ¥ה8װֹoֽפ•׀b
 ץ£B@“ ָׁ#GE ³«+7ֲח8D¸`2)‡vo˜+חcדM ]˜wג:j)o§ֵ<*A`²–[ּ“‏ע'‡kַ(‏ ¡~'ֻr§¯ץׁ-ך=S÷¾ְuX% mKz÷ה@שQ´•XR	1qh½‡M ¨ת·¥h@´ןS׃ה¨$iֳ“ִ ]יי%מםOפ3q
ײ÷C±²Q,¥uTv ף'wickA8־‰+ֹR¯
ֵ‚·רה׃W3“ױ.חI׀©פ½­±N‡Vl‎׃‏J\\כ־Wˆ×ֿ׃‘‰m3„µִ+jכiףmvjװ@†ֻ«|˜|ן¨.ֹd`טeEס½^װ
Hִח>½Z‏™£h ?¶.ך&24x[צ
vץגE29keCֹ¾v&*­׳¯†~wJ¯…?–E±mn´Yyֽ»׃ֽ¾¿¿]L‡·­”ֺr°³״@@ W‚–÷'¬2שSY®KIומֳית³z5b/
·½*Mה"”|¢קו?h&l?¦Q¬,תRֺו¾:›;>»6×½׃=צ_ֶ)±gX˜	ֺ4˜RM=Q׳ֳ•˜ֿc:
¦(« א×ך6f‏g–ksX–¦U%O¿ֻ|bt
$¨—Pc2†£yרmסטJ-c›זaנZהף{Fמnn3ֹ
R¢–ָY"־’₪»=ָFפb¯J‡װ₪וU-1םgרq[y<UיI®ִWZֽ„f‎+ ½ mxנ:%׳‹ײ*פ’¦
<6I~c€2ָo½[]NֿּD 9W`2
m÷ל}+ֶ׃½ר*ָמ– /uU[6'O™°…שֹי^ִ¬ֻ־Aֺֺש.L=´qx-~—ר~
r²c¶ףם-¼ןa
9
3´ֹבb	_=ׁ
9מ‘ R1ַJרץ!

(s<ָiQ‘Hס‹] ´×#ׁvַ–Ma_“׃&שZ­
×ָj+3
$l…ֽ%ֿ¨H,R[$בlƒ³´כR~ָ'
:÷טעyחׂ־¢›םנu]ֹ- ,ד`ׁ%$.“¸”»כֵOr¹+©Wˆ•F¦:ִ¶פ6nVW†½~m+q&F@|!y°yׂ`°^םd_צֺ¥	\{‘;Eּ–ִ˜+•Gװ÷±‎Fט“ֻeיjסײ#¢6ח¢ םת®3
t2>H˜Bְ(ֻµג5¦§‘ר%`“÷8ן)7בח»AUנ3d’¥	ƒ¾.k‚W¬ֵ“^i
ז9%-ִP)+1˜Y|;x1S5‘§E²‏<MB!ֶ@²׀8&‏ xD°kו`hֽ‹,f?~?%3ָ@®dץװר¾´ֻעןM©¥מ£ִˆe¡TEּ¾׀•ְ _—\¯z£k¯¦©E-„#r°ּ,¬Lז€פmU
‡6¶˜K<|¡]½ײ–®ח(4ם?ױL¶ֿL]W‎סkע³P‡,ט₪ֽ`4¹אנ
ֹ¢(kׁx\A@˜¼ת¶(׳…Oון‎b’Uiֶx54ע
´a×\ִ© נ½¸ƒ¬₪ק)דxֲ2?$£•s1W4=J^†WIz
4>xM½l־qjpRyכ²רח׃”~·רג°V´Pyn®‏°?]Mף¥r87
A4)¥¾
}¯/v¾nׂחװ´׀תU₪<ה־•4T“¡wׁײ]&›×k־$ָ“ּ#_¿9moי‏ףעMךF"Y»-W›יJ©C׳ֿו¾“_&בD›«tv‘׃^q™ע‏£–3N	ס/$j²־„¬w83ֿצ}#/ lˆ;®־E¿]8×ת(f(שAU‘ֹo×!¯׃F8«‹dֻa†S/+|&ֹ;w«#'{	;¿¶p'‡£גִֻ¨2ִR§]•©=פ|¿ל?OW‏<X$yֵ³“ד#|ֶ?ױהaץ—E
µ†;7‰הJֵ¡zֶ¦»~ק ´שף₪ןײA
ְ™‡בכ¾ֲQzek:ָ {T½n„_¥o
ׁ›ב ױJt²ֽTצֿ2ק<‘Vz:ו¸9ֹ1˜<]פ£L׳‎צב>=»Fכ~ע/0(*‎mָll<e÷¶ֻ$QוjX`jZ`ע,cFƒִ
²ָ(i²ֵלxH״'_דH½ֳׁZMץ­…‹"¸W‎ב×O־¥"#gYi‏Oy€}TכG·דw‏זkוgbO$'…׳ִRP׃ׂעׂjֿ³בֺ‚,×‰	TSמֳ/=“ֶCO@Lט~׀`>µ^אƒy’ֵ*ׂµ“Lpm^µ×”XװYh'¶½-ֿכpֱ(/ג{±פ*‰Cג«­־4ֹT{־·‎ױ¢'F§₪ףֲYa׀Jע®m9ס—^ימֹQ+\ר5¦&װ°YF‰UZ,„T¯¦´»zzֹ!—ת'÷פi}`\^f‎e³lַבDpz9Tֶ5ר?¹כֳּ3x:H8>צLא¶סנ £«{ƒע™'ֶ… ‎´]¢ִSEU(Q'c™‎‏ֿַױ£דPח¿קי®יgwע¢צמ{גqwVה׳פ\~ץ•4¥ל„י¬§x6]CnF?"yFׂ,׃µֶ€™wM%!גyL§·×	ם”ֽ>‚&\‹D”²+ֺ£7Y/NָO³m7ד2ש
|װ@vM:ףs₪‰? ×r›yץ”ֶ¶ב#u‰—x39Q~H¼i»›ן.תֿir/ ¡r[¨#eµSƒ9˜H°x87
»׃pז?5—n
3rׁ¼װ-Z$"´8ו¿v™ךpv׳@ֲ~װ׀{3₪p€י?uq&—F¾ד´z›¦=
ˆs׳חװר›ְ(± לKu)¡,2ַ®q…‎S'¥s,רֻ¨H¼¦2·־סַ«[טזכ4ױ¡/ƒ'¦¿^~ָך©ִ$ײ־‏†\}u–׃ּ¹“׃סקי®?.¾¶nJ›FCN­vO'ֵ(a‹
	\O«ןV/¶«{dW6Jk%[תEEח*ְֵ£ץw«˜ְה,
£Ft¡'תRלבפyuW7דny£9„¶Mץk׳c/מ׀ֱ‡µךOr˜‘ƒ כ “ו¹?¶-VH¿§ֻx¦¥ף´?ג+=>]ֱU¿2ֲֵֽOƒִֵּ³ֻחEך!»ֶ?³ן‡ֵiBCEfֿר‚†Rצ‡ב°|R3-³|‎זב-ל[²דF’-Wְ=DM*Rװ!)R¢$*3•U32DXס“9ךmפ¼ ‎ֶ½„I¯ה53wX§ֿ{Exֱ"ws»6אN²3KײZצV6ױנ בו¼{4V₪@±מJןCפֽ*‰ֺס_~שךt‘¿9o|p%j{¦lb`rehפ
2yIַ¿gא4…JJ;l³3 iן~ זanִE³…„i rNj‏,µ£ףmr׳T¸”ף[p
מDV‎ ir[JK6ו¢–ׁQ@w¢cִ¶ח©rת90מQ‡! ₪8¾(½!׳טE
7זZs‚–L:µ€ֻP”eV¦ֱ™¹ףכםxO6–f†¢ £4^U@א’ד’ױ¢?¬—פנ©בנ(ֳy"3‘qפq¬Iס›־@‏ֲ כQׂ¶#„‏פB3‰ֺמ†e `ZD”8qE“¦„b´–<:ױkה MH³׃¿ח­—ס3נ 8ׁL²vOAW¯}»Q¦₪‡fv½×V€Gץ{2ר;־ˆ©Q*E]cVב
¶׃HDqָֹֳע₪9נo6frֱגG§­ֳV#ֵָׂ"ט~E
NX“¢ˆABHֶiְ₪ּGµףnK™¿׃ˆֿיךQ·BF
ִMֲ|&=½pH®ש’;v¢lטM¥¯q,9Gשq/ jF&סiֶשµֻאCֵ2½›­Eh#mזֹ=ֶ*d(WjRבֹ¼&ׂLL ±[³צׂ»™H»ב|Gz"Nˆ ךP‹—ֶnnTIµי´(£ֳ:8…R´—%ש›(3M$§Y„•ּַב׳av¢1dתְ;\\‚
lr»ײ‘2ג‎ְַ…ֱQְׂ%ִy ר	2`ט®י€„ש\ ‏”כ	ֳ›­÷₪¦Adֳq½(וׁ&נ˜<א'ֵֻDשHc5
_ןBN ְ•dYHךx‰AV£‰#E״`¡טpg…ף
pm4€)+ˆ¢…\וק³€Mˆ&=½ C¼״Nµ«ֳ6@¹kM„₪ֵBײsֺGqRצ9/ז<ZPƒ…ע:ֵ\1j¬&ד§:01-ֻ6ֻ8“/MQRַ¨‚™ף>P¨₪A׃וnקƒ-¯u}‘ֳ·ֱ „O-‡«¢ד׳=א1נ«3 ך„ֿ²™~KSִF˜$A‡voֶ|G¹®T›‚₪®j¶£eְש'
´d¯.»yb›־Cע8׀,¿‎'£\VM ~נc¾ע_ל)€
nוH}-ַ"‏ֽסד€׳”†O.˜ענ1…׃Kײƒ•–\¡_¬ָ׃װג8¡=ץזp+ְֵ T¢£= ּQ\2ךֺR ƒJ>¾.	‡.¾’Ajְmֹב¯f	£˜›Srװ‹ִ²¯’2v0§(ֱ^־®א­~hA›>
%tְּ;dץh;:y¦³Eק»שי5ֲ“b›–ehױ׀v6מFִƒƒ=J„4cבz46r£n״,O+2!ְ{'2gל±Yi…v`”BוA¯js¹»½VQˆּL®IֿSא
y[וע6!"חס4©*ַo¶&ֿWƒ`ףbן}kתַ`³ C”ֻ}־^וpׁ^¸9ה[Hkֹ(€G+IKdA#סO<יF[ש¢תn|6'ֿׂ¥j
Tגֻם°EOv86`P‚P	־oםתװL_hֿ:ׂ×ט£ץS±‹עץ¬½(q€Q¬eQr’?ב־קT
Y­~lןן¹
	ץk³םלA—¨\W¨ם8ן;²קֽ¢Ia‘!$‹אcךK­r˜ֿז{³™,גֹ5&…™¶k7[µ[÷=ִִy¥­זכQh¥dל®#@xׂ2
C¼ע$|ש€מע«‎`dGK¯ֽ%±gslmk,עPs×הֲcו›uM½™÷א=¯@aLכֱ ₪׀ל8.q¼‘399|¡2xY‰Zeל ³Ky‹%jF8\’iקlE'גˆׁQֶװִ>ֱNCsכe:ֺֽ%Ji׀½£ױxְֳ)c³yJ¡₪מעְA°/™
Xֻ{~I™:p)G«ֹ'ֳa.¿ט(DJ€,±A“®% uGa6zI.=ׂr` |ּG5מ/2ַh\׀UֻB»‎1´[¦Zbd½ׁן£ֳ6#׳±ֵד}cחט“.ףֻ׀R1ױdג|ך´$dׁ¢eזכמוn5<5•²s`|£†¡u¡ךo ֱץw“%
ל~¡®Rm¢“1®	ק£·Lײzµ¥®אל	םlbַY®9W—Yךף`Yh@zֽ8¾ֶ‹V!=†D*cז?L
—ו¾–ק¨ֵזתֻֱ0דKN׃¦iV¼µ׃¦`ֶעAYנ“)kI\ַ(€5sd1ˆhפ%_†ׁ1בף_ז€Lmt„₪´ײבk·מָF´;a₪ol-פֿ$ְ_p9Cנֿ]» +4!cֹhדט(ה’IF!$h¡1) '*T­¾¦E£´#(ש([ֳa9D3ַX*©¾¨ֲtׂµ·¨J‘¼ּ¢y	 c7T’¢תנְ RrYxגת*mO*ֹֺ${‘יָ¸>Zi$¾mמא×O¶W%›® 	B׃zֵ§¦\ ƒ•C_סvתS¡9c´ש%‏“ֹ"ב}©yֿמ4ˆ-₪™sz‘ •ךg®ּע¹ֶru3ז״+Gיl:
 D½-V\~½3"פ»Rt²‚k0~|tHBָֿ¯‡{:דםא%*i—aP0ז0\Rס€ײrhI¿VX®Y.ֳף)פֿר™ ֳ#‎Xַט ^(״Y”ׁQ
׃YNׁ™TִGƒה¨aן(ֶU
dn@±aֲFLp„[X€FD׳_HljdKr!E~g•8¥•uעד5ם=H“G³U G6*¾״¿¡
Icc/ח~ll‏*ה"ְe9H‘"E²×g‚c‡g"XP¨Qֺur@> O¦†ײ~ Y´5א ’”׳ד§װZרSּ$\ֵװ©>$¾־aƒֿCƒZ,י›¥Fָ׳ ^­ד@]o~Nב)eִ¿vgeָµּכqְ§¨–€עVךf÷½•HP½ֶ¯¦Zל6ליױ~םI«8#TײhU@›
¨ץ¼lם‘U`\9ל,”טsָ«8-‡4K{¹(.²Z*  ֱK?´‎s\יdְpׂn¼¿ ץ†.Rןt,ֺ«Aפ³װ#l¬@חA¢ֺךX s,$ֳj®¼ַב{‡v®(‹Vװr׃¡SI=ת7ֿ·ע¼1G´ֲ²T²ָ'eh;8ֵƒZײ₪x4׃ ‚פ0×G׀–H-¶“ש¼ֶ;ַi–2T Vט(K¢ֶAׂv¸«‘רZ‎=Mּ;H׀¢םu&,×!חq‡¬ש·hממ½‘*Q5Yֻ@;…x¢זo¼'כ@¶¼&I‰@¼—/Iְ״I³³װ{AFׂ7ֿvע.39ָxµ¡צ\ך¨פ» צ±[›¥Aj¥beP¦װ׃pZsש¯µ™םH^-1»ֽf°“&$<@BkW£¦‎לZ·©כֹ„£M°Dn8eן9‹m5\ֵ½ו b5Q  °הֲ€7£־ֺIף+G÷ֹ×י~m¬aBZt I_ֲlתh2ֽˆ9ׁf׳k„sCי–¬¶‡׀Z‘₪ ׃ײy™
¦|-P–ׁ“e^-yהdבױ¢ׁ-€ק•¨_*כp=RPM	pzןb?ֹְ-*פֺ•—a.‹קהp
ט6b‹·׃’C®|F^?¡™_V] 6דשS#³פ³,ס־G?gק{צ+w?4ָSדT,Pu?ֵ*9!¿£1µזx?RZˆְ‡Bƒר|ל	Hק,wֳYװ“,9WפB

­°­z÷ךם£ַ/(JI₪d×”‰'ס­[’†–!:…¿¢l"Kֺ³׳ֲH
!ִ2~‹£יB9u°.4ZztױD‰ ְN[8\-ָO₪[·ֳ׃ך_{oױ*¢דˆ$ױdם–.·¦¹¡ֻת÷Bֶמ	V>GHFqz- 6«ד…¾%י¹sש¦y²g. K₪ד–T]ֵ>Xw›%—I‘g¸·÷<ֲ’`ַ¥ֵ־ֽטB“`ק	5­3¦biב*ֺOA.6קֽiֽנ©א€e>ץ¿ֿ~ֳס~h‰״I?MT	ג±ֵ¶lֽLןtƒ{¡tˆ{±(Kש ¢\M1דiOכn]—א@ָװMW±K@³ק™RגV!°.ּֽ™=/u±?בB״ׂפXu§¬דּhQ׀†¦*×´’i4V ּm³כ¸rׂ®=ֽ$†ײ²¶{פa‎װwhןFא¯סA0´
¯‡‡C«׀bדU!ט™ִ†ץ­‎קdפ×µנ ֶדWDק@$\{AJD_=µB! `Xs“±׃@P

B'
«,₪¿$רױגkְoqDֲ\3]ֳש³Z\V±ֶ4´ ¼\HםרֻA4ˆ¯ײ@ƒ«ָ?G
*ֻd`ך˜כnױמםֽ%p%¬"¡ח7t׳fת¸ףnַq‰(•~x›˜«2V\Tט=gmע²–‡}{0bI
זˆ"L8G~חזt Fגi¸%IA”$†ײ•WH›D¶נֽצ סwז—¥ּƒ®¼ˆh}סb obםץנlDנ®@זוHY¯"°×זןvףְ¼
zg$A‎חPזA©<`¬•װ^¢•¹vOה‚|}שµa1|שeZ׀« S:Sּ4׃S×&>גֻ –-(ָםn²ֵצ-ףל¼L˜J
#²¼%מ'‹ּ—5"k 
	MשZpנ¹מ"ז״uK¶†A¸@%3—,
eצe‹¡ןצ@Fבµ `”±יױצP
\˜ֺwּ±ֵP־R§ְ.Ja£	ץK`ּuP"	:‚j״7״«©pע×וwµ»
<ע‡»n2y)÷·Q$׳#Sִבֽyc~?|2s¾†ˆ`KֳGױ#M˜‚‹ײ_A¹2¢…sd’>,Y¡ׂUz9*׳˜5e׳g\˜ה™q|¸טr?>I‚)˜dד«V×¶=£+¥¡״ּֽֿ¸}™«Sִֵ%¼§²f־+e.sµHֿ4mu"pכ!z5>!־˜ב®
“ֹך•פָ9ע‚נײqֹ)­“fg™¼†ֿ@
jm¥ְV0סעש%:@–m?ּ^Hƒץםת_g3»6mןc‎2k{ׂקw«a׀ֳסֳ `P נ±J(ספ;iן‡mֻ9O’‘“l†ְ˜…aJ&{¥ר׀t¼lׂr‰N”ײq‚,–[8ֱֹy9„B¡€‘ֿ ¨N¢W¯€.ֿ›Cֿוv( M‰ש־װו8ַ
¶;S@“ף	£wּנED”AsYWHiָהVc « ic†Wmtק×`
´w”¥L‏ד¥U ְf*BV·cxׂk.¾%38 “+A»U@Oa%Xj|± לGJFA_“wEK/dnXub*f7צ1V]0%7.­לs9°D_K­C‹-™c+>µƒ ת“¨ן}R
K^ֹ-uU6§­«¥דסn2×34P„8vל£qֶֽ[ָ€״ֳֻרn‡ ³R/8bxdכ‰tבח¦‡ceP¥ֺ¡"`q‹·n¿בהV¸¹,ָN‘N°=ֺ fרבל¯wn
^^rנפ4°‡6s-ַµc—צL‰—djוj»5;9F~‏
gסׁr*k׃|€'2טAiu¼Oָ ן ףFֻ¨װt¼,אo F×רe¼–- ¹@€9»«אנ:י ״¶׀b};4ו„¾lָr75c?ּ+99I¹Fװ´Qץsg¶ְ;…ש‚‡ּƒ±¢™£ןP׃\ֿן'7µDּ‡Vmb»#םבHs®דו| -Z 9€י¬tFֵeף¿׃
לםֽ	נ_׃8ֻזAE¶¥8ףל׃aMK#8¸ף‏׀lצא,ָ³~1 ׀d”ֲׂע/2q©ׂ‘³כבetט
3נר³LVשs¹ה<¢~gEעי€םR-O?Pָvh–zֻeיחE4…„“\0>g74V ƒ־מ×` u3§Yש¡°A"Aי׃וJײְOׁצ
¢p@°BEMV.:"“ֲ[ךש€x™|CNֻ¶ֶ ךxֹ&‎NEִHכֶF״¸QFP™cP‘-oqˆS†G+¶½ֵ[YN•*|[IזSCGמֱNX¢ƒpלֵ&ן]@ k	·:O™l_Z 4SµSכ#?ענפװV7d@†~z€$דKZT‚ˆ¶‡¶ןgֳ–ְֲ­dְyָ›ֹ³D‹Uuו0ֳ¹¹@ַ ¶ ֽ]ֶ`ךjT}jָ©א²NM€‘R¾l­,bCד+9ּ-¬AGֿ'Z״רQl6₪\RG°kיr·ֶ™a@Lˆƒ#
[°£t}X¾״{›Tfqq©h?¨¹|=¼4V‹; ד ™›§2`_µw“¯@gg>",C5נqO[sg¥€ֵƒ2ײ\ֺ?—Rמֱ‚Hע;™og?mמ‡vi¥9±·k°ֹˆ³"qZSֶ|ּp/ץ(ֵא\ל
 •kˆֽkd~ֹjT]” ¦;Om>²•‹ׁ%%Bַ~Raײ יg– 3•%HHו6¿b.ױ¨yקtע´K¦ְצן§ֽכo'ֳ>Eי“ֶ×!ץ7ץ£B+{LכWƒ˜Q¼­רTC‰´AFֹֺ—¼ק¥װBֹV>‏חםDף¥)±, ‹
5¨
ׁר_m³{4*%ױ…¼)C‎·ֲ«¥=†jׂזצ…«I—v£ײ¡M „!÷8טn&oבSצH˜"'lj£¬ˆG G¡lˆװµdL—dU	X`3”=Sˆָֻ=/ג…¡Bkd£a»§;— i¼I’ךIִ3”:₪sׂ1YוsM±«pל-“¹>=׃5
¡@Kֹ»ֽ¼$(r1b¾u»½a{₪₪ןׂ")״־ק\R	¿kןֹe^ƒ”N‚›$°
ח&
# w	ַdep₪9ײR»ן0®עf§¢ֲ׃ra brֺ]#Rױ£˜ƒם
(j…=JVנמ׀Yד
…Jכ`ֵ=	5“F€vvֽYז›g®?DFף\›]Fm×ֽnK©oNCת3<ֵהם‚[0#ƒ*ֿ€§PIכQ" ֿO`¼½dbWl‹א´ָד(Cצ2–.•E×„Hֱu¿Fֳֳה@H@JQeVKצw»Cפ'mµ“n$|>ˆu‘µ¹O:
cל:ֶֺ &‏®ְ£÷pפנ÷£ק·[Ih5׀}EֽIהˆ¯§זוi³₪ kמָA¼¶ײb# » BfU£׀‰“¬iנ¶·e¨ד¾F&;G
<_­AֵֽZֱ*9מֹNµקO®|hה	Xװֿvr ¦Wשhֽv2Fֶ ]ֱ3°o…®\
׀²j= 1װ-ףט9«Pֱכ„׃‚B†ך{ע^ֱִו€ט" ג
Pc- ¨…fך”c…>”SN װo_Y¨'m®גׂט^G`טvֻ1רx;° Jר`:¥¥־‎XOZVµHSק½$
¨אב
Aֵf¿״|o–1™|9	uהיYREyֽW]¸לcע~.'·&(ֵ׀כ‘צ'ס£]H€‘ׁג‎,׀“%ַּyף:]°+ׂp¸Tuמ*Vmְ‚לQnױr#"ח³t2חֿPF’ס־דֱהּּ@7B§3ד‏»µJ«*cFIו¬כֳ¥FWW¶" ;a+ֻ3ֵ‡­¿ץֱױ!­Ad
WF=·ּ(ֳvwP:ֵ7'o@…ף4±¯¡Qָֹ׀++!>]#4X—¶9-D½²‰©‎;:1L… צ¸Gח•>ע!¹pו—Uֹ4ׂײx_Hש:„&hֲ“־Bל^ֿ¦}5ERb¹;מ_U#»•ל©"I'K†&‚¼›¢®ֶֺ“”qֶNוµE\3­ףp•ױֿ»6o4ּץ÷־½V©jx‡ץr˜l`_“מר¿3‰T×{ךף3A'מ]<—miז
¹|‰S›­AצCֽ¸•e=i¸תײצwְy¢םֽ«ֽ3wֵױvh$ׁ–‡.  @7«¾C&DװJB‏…ZyR =,©ֶJ0¾°9מ©‎@ֺQˆ¼£¨%jְ׀g¹צ‚KAש=אֲ½.c³}וpS.“וf,ם}©€W ,ָ÷qN:÷טץ”ּ—ֲכֵ₪ט׀ ‏ֿר+OM ײ«_סYIRW(ֱֶ…@E‎ג.ַ{לץ)Pח¸־+ ל'¾ִ‎־#Pּd	ׂKqא¡uּ"ׂYּf‹Gת׃,^ $ƒ‘
%.k&Eטw³דcGִeז
‏"_Xְqא$5»•}ת¶3‚“×בֲNGֺו&ד‎pR¾VַC?6Uתץnֳ‘כוj` 4ף»״¿1Rs²g¼ ¡½DJך€י‚קF&+½«_;{' I×´0¹9ּ~יzC ’שפמ
״‰‘¼ n «ע`MB( „
%צ"qױ‏מ€מa{״­÷§§ֳלן ,¬dל4´n0‹.אu׃‘qאֿ¯6¯nװ״@sכm״5כ†5¯תטtpא‏r9Pֹ†¨‎®z-¿p{•V´Gש¯ְQס¥wHק2קוט©‘a!הn׳׀
÷[`ֳ§!ַ’”^»ט«•‚u…&7
1…»A”r–ׁ•¨™ukֵ/Z@I ז!
	P ל¦´yP	u×׃,—”˜E‘ “¡¶2–LRpdJֻu9H|  ב\=ק£h˜{-C-¡
-"0Gְ ׁ_ֲ1,G.bֲ1¬=צ’2ש†´מ׃&x?ז"t¨s¦N&|(zƒDֶ#aUJ׃Ifי÷חמ״²”“‘_¡ג‡Fu ¿n6¡JZhטחgXu›‡ֱָ״ƒM7¥ץ…ֲׂ*,’חv˜!2׀ @E}י2=₪¥«bxI²ֻWh°¿<לXדgoA·ֱתeL¡רQ	½‹ה¿ֹ×ּׂ…ׂA³}@?·ƒםײ
R÷ֿc2»3og_˜˜¼Sף³5¨Pj] l:dEס7©-Ra?wְ4)פ04,fִֵ‎._cן§>g*+Jnֽ…%¥¦}ץכ ה©זב`_;×£“"Hh7׳×Eאף®ל:!w‎mx‰הƒI™pְ‘Cא(+§₪S„₪ֽƒ₪
(UµDֻb/>€ע  B$aׁUU®fWיNֹ5ךg›=s»<3עR
Wuƒ–‹D#ׂ ַ®יסצֱPtQ$¾LL)שX´ה1מr”×_».2נ:וx"j°~עײ‘)‚4›ול÷n'#Cg0Y ץ ‡³p±…¨˜GמdG­P^kTc•˜ר#b¼¡Mƒש6leט0‘–L] 
*yּ
Zן›—ֶ
4י‚—"U¢ט׃ךם,חֿז³ֱז3r ֹ `H¿4T•ְ&>¾HU₪¨€/ג׀סIGr’mץ•@פ÷i‹HֳׂH#%PT*E’y#V
€B^ז‏ְ(A־÷¬ד Vײ’G~‏זגֽגֽ¹÷©vדא(eQׂ¡ֿ/›ו`??‰›fR³z’‘Nֳא×\¼
pצ״× ב8+פ׃9"l§“€>GD}HדzUֺ,״,;@ 4+Uףh@נd¹]n¦¦?©¸»f¿›
¨ƒ:$Mַ6‰–ת}מח—
ףףM$kִשף;עXץv¾m₪†s¼;Ea*\)נ`Ub#);ֻסv­€Gֹj§ o@¹FP™\°ֽ®µ_F-wָׂ3©צ G¶O½ִ@וְֹUKUֵׁ˜€|1g
¯ָק]O×!-ם
xP יUזl/£`לאײ¼־ׂW@‚£_ׁ•ֺ\!fִג@.°y‡tdׁE#`ֳ35¥ױ
₪@8mHj¶u ±ס7׃‹)M`׳+ף9ְ׀מָ
ֶh"s»m€7ץh~m`{ָVA€7o׀ֶSGעֿC;[5·לz2רֹ\ ¶ך#…gLHdפƒױB׀˜ֹ¦DT»׀˜n.§ֶ)»¾·›ָU#~’‘××צקW$t°e¸ֶm.{ך\÷´¥ְ{d¦9›ץ₪ָ†ˆ»€„‰ּmּ‡ב4E¸WO3w3 i´ובֱ®. "+P˜¹Z(Uשtעs­•װּ´קצA‹"ֵBֹ¢"
r¥ֽ׃ביE@ם‎jאB®8ן´ז@— d^'YמRם	§־†
#ְNװq	¾ָ·¨ג־¶תֿ
zגג'}XkyR´·ֿWֽD`סk²I•עI* sּ׃=#Jׁ‏ץ}gOW†\$
@אנֿ9i6׃¥o:‘–2'™;pמצ“H}©
¥sײwצ–db“עשֱָ‏g®ס ֿN¡$½¯l3‎ֹ'#ׂ»Q.Eק`ָ¬+3בjֿױqנף¨e¼}A”'ֲqCׂ)7‎|jnWל¸-עצ›§v…
ִ"ֹ ל*x`×®¾=÷§[.b׃27T0)ֳ=0<²5«ֺמn.yץ¢₪–~G׳‚€*ִ׀סfv±D­י‡ֳמ–ׁƒנQ³lU¬‹a½4‰ײ^#¸ֶRp:%´edׁטש%G$w
#ֲ°ׁ`s”ֽ@C YֹP/˜§_צזז
oו³צז/7¨†םׁ‡ֳ‏ֻ’ֺ₪¥P!םֹR/·תה¬‏K„P’n׳ג	„Wֻ—SA˜´;z°I¿דח•¡¿ִ‡״u¨ױWn¼ /…„zװ< מ³ֶד:ֲ-פ}ֻם¥BJוn©ץQ`Bֻ0TVלֶ‏S!נװֱ‏k¬‎H±ֵֿ›C~›-¹˜t¶בxֽsצu8פl‡%™®4`ֲ•’םדִִJױכוי[ת”av›‡¿<¶׳p±(­B¹ײ	aקק:)ײ99U`J3ץ19ֿv@‏*OK«ִ4’¥‏X'´hצֲxף[הֶן ]?r]€jI¢·£6¿„…ן@9Q²ֵj+«צ־3†ס‡€ּ%ֱSyךrתJmq7¾³קֳַE”ֱl׳Hfג'U@תח₪Zמƒ׳( hxrP³Tֱ,$ַ£…ZRם¾3·GV`ָƒiע	JנMדסצֱִ›ד„Hוֻ*-ּׁ§©‡‡צ-ְ,¹h]ק מכ¦
¿®"ֽ¹g¬P}\	1“tם5ט™×ֹ<…s@xֲ‚ד`£™3dg ~ lָ°‎
׀ּ·³¨J>סFֲ£חׁJLyם-´ִ.V(\ ט÷Z
חג@ז°װױ‡9‰Fe!¹tF׳y¬eִGׂ£פ-Z!v$[0J†.חq₪:רשm
Cקeטvf=%vJ¶?x–y,ג×[TFIףP”tN¨´ֳ ז&q&״~Bֲ3›ׂכֵfֹh–ךײr?•cֲ†נמpקhײb.¼,ףqְVˆ¦¬F7;י
ק#nU9hIO`‎Y¿mןר	ּצ€¢ע«VיnEףפ´"³נ?ּ‡ת‘‡!tpח•­כeו×³ְ„ט•—ֱo>„v נֲhL,>Tµ€ˆ¦“ d כl Lׁ*×ךo¢f´E·¶כ€:˜2¶msq½5T„×״g7ם’iׁT׳3¦±ב?(¯
pd‘‡¿˜H“—™tx+gמ(ֵ|	¿3נ׳s™
zאׁ־FNײz°גֵxq¨fָs­
Dg˜B»זM«»x8©Z¢‏2=¯>’ף‡”ףיVF:!cײ\d]JףuUpפץ‹§Eְ®F¹j:8ׂrG6 ®zִ‏doG÷קq ְOw¢‹ס­†4אd#ֺנLtzזy%˜D€Yח¹«BIֵnV\S¸הp‏ר.# µ'-‏מ[¡QV.נQךױאִָ½yaצ\Qׂ6 wבtYנC*טׁ`oG1`^g N‹עjGׂ	…i”e˜´}}1Dד£‏]½3

nהPְ¿S'=F):4)3–לK›tׂ›פֳ]T8c­Oגƒק“w7y@׀CױK2׀Xײ הבb£¾ּr‰¯8
¡k¯ץ\₪J#ם@uE¶
DJח*ס¢F‎L–ֽא<2bh/דאָu}י´רעֻ°mV?ְ…¹ן68CPR&נסƒP+ואץז=ׁ\NjdףSא+-›-·½ֵָDפםֹH
O¢=’P;7'%ם‡ג- ן”…5
ר‚q	Z@bMֶ,RpדAkN„ךyׁםצS‘0מ)/נ=K£«b±זגסז₪_ו¼‚=–&^—6kכ¡Y
ƒכD @Tp®^םJזJP²ל„">	R|ן¬YF‏GM¦V9GסjSס׃*«‘פר¹l>NEs®ףRRU¥  ¡}ףץנ:כ_mֵ‹י@v˜ֲ׃÷|זZ™₪ֺ«f=‘־ְ:Yֶ+m״1«Z§$®רעn‡־£לֳW€כנ8}ף”ר¥¼ֵׁs·¾·ן‘q˜#4”ֱסד=‘Ftֶ³ץS?¼´‘›‎ֺֺ’צe>:¨…ֵ$₪°י˜ ]€%װ—(אB ¼J־'R¯ָq¶mם†A+oמ ו´vd‰5ND€1¨?u›¥•¢ױtPא
si¦ט׳ג‏j—‹]ֽ®(k()Y†	ת-fֶi¶8ה”Stצ	Q"‰ף:x
¼X:טxלם›¥m‰„) iu)o€ִ
ֱ0ש½&םvv†X+©”ח¿a:4kY°מS¯‏ע`' טtIֵvפ»:¨>
₪–6צ©ָm&§ְ1|	/He‎‡~6ֻם¬5:wT‚±JK¦~שַ‎D:$<¡ֽט¸ L—‰₪ךY#A¯ֳ“P—h‰yQ’V×2₪ֽ°'Bei 8©װ\?ס{#½ ֿ …2-_dִ»סצ{×,“Z6ֻסלכ–¿Cֻ÷µUJF:§‎ֶֽ״טת`÷\·›aV§י’eOֻ+1÷eשא‚t–•ףcC
בר@“ֽֽ}g₪­ׁ>‚e„¹sׂ
´m6ֳv
פztזu{-¶|¿ל»nnv“V₪S²כ=}€¹ר ¢ײ‡‡fֻ×rt‘| ’1Lb¨•¬זָכ₪םֹ’‡»k™¥:~/ׁ÷ֵQ^lTN2hְOooX)2Vh_ַKסlEֲֳכG‰€™ 5€—צ¬ֺל„'„j”I„t#ְ÷ס™מֶvע‘¦<³Fֹ dY¦–u³m׳ƒUK€יץָ…«%uU9T -ׂ“3= 5׃rײ2°Q‏ֻב ²ױג׳ה»R_ֱִ‘IjBחְ׳בװ•{ֵi<לl״טoוׂCmtM¬rg$¼מ§כ× &¾¬j״;!lט₪ף§ֽjט_ל‎נ¹a&€¹«*bIְֻ]
V€`>;2«k~¸B\­*‰לתױ¡°OR ?M¼‏םצנ´¶@¸8א!,¬!rk>‡2%2מj¬S"ƒ¢תלCYZֱ1ם
s+d7׳ֵ²@Z$?tאְ„‘ױB°8ֽחט‘ֱֺס~ז×f¢.½ר
YaJ]r־ˆ^V†¶~^ֳ
Md ‏!/•-y
ת#µt0׳q0ז#A’·|
zS8PB|Dךv\5«µ¡Y´6 ¥\GYס©.›2”›עC5f9yoXldֹ±cI±y	|6“yC ³נ1dדרק½׀yh­־ׁ7ֻ|cZ‘CKג״U‹§I´/E ‡‰ׁk™Z³9¾oק
~a¿ תָ¡$‰;Dח'דs	ח–·‡
^p ˆ4‘—#ˆֹ`LL׳ף«מ®•0¾¡ט+Tw‘¬ּ¡װכ5הףpטתײ®עˆ|°†×Q†jהB ַf;<ֹֹ‏-$\MmStU†€@E5ֽ‏'Zױ6םzג₪	p‡Q
	2µcֵ‰½[E+	Eל תK³$½׃R<#O<€.ƒ=Eײ |ּ£ c¬‎
=W[Im)²P¥ƒ#m¬ז§™\~rֵ–-9ֹׁ[ƒ1ױ¡t¶צyטצ%/—½צiךׂ0%³©fא₪wmU¥³D «*gׂ	‚´…r±»R­}6!°‹€JeW+Noח®אvֿ#חr)	xY
‡[k“Cכױ‚×\6wdƒBv-t÷‚±¡.,ixUJזףzֲ*h&—£ג‹lDK¢ַ¢	‏&ֽ9בv Nת'0+¥ׂk¸ט¾­€^פ­u·ײ©¢ג@ ´e•«L¯³גרoeqc"¬˜Gֿ&נeגµe7—~2ױ?טzG²¯Uֱ‰J)t(x¨ה£­\
ט£f¸:ֺ|ZB×™hKײ2­9S:Jי₪oלw'הֹ!«’#$¢פ
zװ/V‡‎לֲFֹ2÷¾n*u±_א´Eִד÷yךל£	v(ֽ9T™dכ](4זc·׳װˆ•A7ƒ
>©9ח«awB”5ש|ה¹ס×tNֳ9מ3rƒh5™qָj'‡+ל^>~ףֻ›ֿF ”yeְֶ&ּ‹L+¨jׁ @¨¯ם‏ֳ %Clױב*¯ֽ׀yr ‚¢j¸€*‹r”7b}¼kw >ןל;/נ¦¢L¯¼´µאת€‏ת‎-«4´"pק€°P4¾ֻa¦©״מoIחל&צ×N«°7/Ba@םB\Jz44yממmָ?†s₪ֳ2Z’™„J`ל„€׳דgWפ
6™ ₪kzש<IbZ©9
ddHe3®מb˜ׁY1ּת?‏g3µץazח%“µ׀vU°״
‎„ת	f'קR¹Oִׁ®G¶גcףֲ§פ'ֳםל÷½ו†ּ(Nvנ{sֿuײX₪µ ךֻ?ל·ֵk׀ׂ¬q®4כ>qףfjX‚ ¹_ֽ½q\s4h–Yז¸״!‹ו0א™+nxjצ³“נ|מJD~ (T1+iאa(i-o₪ך x0˜£“+דccֲKoֳ_פi׃>‡א¬ׁ£›ֲ¡dּ¡ֵS#2H",צם$nMחgI:€8r>’±€¥”‎-N¶o
טi׃„CNׁ»6#Z”›—±³ֱRנױ‹˜~f‘ֹ׀÷ןתהױצננ׀.
"ש(	C—\¡l‘‡f;עv9ֽ8_0®\ש«Q|מײ6§™¥׀.צ4YֺJ²N׀כa׳>7c(טIDֹ›W8`ב׃cֳן%D#GֶnאUפ&dץְAtGפ“hO6½עQ(G׳Wׂµ(r@י¶³צ>=׳4ץץײ›&¬ּx²
‹½5ֽ9g
iוֺ‘¬R–¢ $‏נ–Yׁd@־¥oׂ;˜ˆ¾f 
÷’jײ´£˜ֺˆ Yג2ױׂc-…9י|סD־oזV½†¦ˆp
hיֵֿ]»ִ
j 9Nƒ•J»2:dF3³-^ֲ°F±vAz<³²הLk¦ס?׀8¾ֺ
ׂ׳m²@VY¦ףl‡h„´#¨ס@F•sֱjuZ‹§n91ֻֽQעp•ֿ3שH+7 ן,הz₪M|D~ימV62:}{;	7”@ֿ‎°׳0uלN]j¾ְl“h=!װ0ײ־c8pAd0צ—¹¹b‹~ל¼ "/׀P§©Q?~~÷:lןV׃נ#
₪l¦›NenN»®¼ ר]—©Fzֺtִ’˜Ke{	צBjמו”{®l³ֻk÷zֱֺjx״ֹ
$Pְם׃ׁ«P\כ'„	’5€,Kכִ›גOצש]Lֳֹ$ֻ{N¹ִ־J"`¾ +I
¬—P–s™9%”÷טֳ÷0·n¼›T	i8¹D¿¨ai¾Xן•NT×O¸נ׳i¨‹נ״bן.י, IִֹQ(+@י6r
ֽהײxו•™rֺF§}ֿmשA¶ Usl÷F+ ½ׁAyg¬aQ‘u]	·]-V
רגhׂןמלּ«
ױצ9ֻאjכ€ב5;9lלֲ ֹֻp«'¹ר©}l)¡‎³י»{נ×˜™'7>חאHY₪nב4hsM9´³ןֽל©·/ tֹE=g&ֵ¢ײר¨§m׳כv¶lgw+ֳׂ‚רֺ©Fpֳ®“ֻQ¬ָ¥_w±nhq׀"o˜d#שֿauV¾°ַ¸ִֵn־9<³.ˆ–d£ְ+0¶Uֿ‹&#&p‰=5ט״ 
¸ךם9pmמֶֻז…,°
–MִֲN/2«µ(<׃‎נQכZֱּ-<N§ד¡
kwR¥”¢4ױֻQּ‚׳rx,צ/6.@zJֻ’´c*a¥T6—יx37g5אrְְַל70’yײLד‎זJו"¦גqK´i;SעשPןS9mm‏8¬ZZֳֶz¶inou״םֳֽ×p±wװAכ’f)פֲQ—£²µד»f®_f‏-ן!§A³|9למ†g9%(סEדrN¨ƒ˜םj
‘~2ֹ+ƒ·ֺפb%CXZ(GֶFחNֺHK©mO—ׂױhYװ4׀;ֺ²Wאg‡~x°1₪p¦¥לg‎®!_¿ױhָקּQJ-x-ג‘ׁ׀7·ֽ÷Q:¿pw4שֻצ‚W€9ה,ײ=6L“~Mv÷> ­םז“
r
ה/¿§J~7זיך‰‘’ם6C‰c)5ַׂז¼t”NL•4Z¸+R&w ”¬›1s¼$$עWזTSֹ‡C€‹÷iQFB׃&•¥O+ ַכמU׀¥"i‘¡­\¸¸®~#U»]¶׃H“MB9ה~ּ, Nפמ0©UW /TEֶך¿ nJ€&B;sַ_|¶קצׁ׳
”05ר‎³`‰bh~(Jo—״ַv·keִװ
>B‚¥01 v’ג‚:«J$,n"of0ֵ[¸\9ױO¬Y6Rב$°y§±/„Oֹa-םw¸r'₪ֲּuֳ–GS×³¼»Gם'7¶¦at־₪״“²ֽIֽu»·ַד0–bױ“פ׀˜m^}n†‚Bעי±_€ױ>ֻMnעu¡<םשx@ֳ?™ד‡י
ָP®½ּZs¶ Pײgֿ<yZץ:כשס²Yֿ"‹E;™¸:©5j…הוay+¦fpZ±d*K¸f(®?LP×װmֳםהµ~€ש;צ¯6G–h`גn‏אPצWּo»·©Oi±‰qx±‎·,}¼ ©yךֹF_0Q½ת8j¸ר÷‎חף^+צ@F־Xג&¿¿ך…׀F@>ƒ€„{s²ׁIֽI¯טkׂ×YV‡uטלA2q(/h‘±ת±ץp״־כ׀<ד³×.@דAcd"דjְ;­C
ש]UֱץO®¨’X#˜”כ%C‰Y¢@^oD€e•‰¬
T@־₪&r×÷ֶ(ֹ¥"ֻםBֶ-=oכ«M"^Ag
‚y–ךן&ƒ•G,ֹe«•m0ג† '·ƒQ¹#F‡L׃7£ּ…±טּכ\ 
םI}״€ƒzE˜†µ=%bמI®´¿ €.<D״לd5R  A־X¼¶PK3 -    ע‰Sֵֵ‚                top_4000_movies_data.csv  {O     .r     PK      Z   xr   
